t,x,y,vx,vy,v,Ek,Ep,E
0.0,0.0,0.0,35.35533905932738,35.35533905932738,50.0,181.24999999999997,0.0,181.24999999999997
0.01,0.353309672735807,0.35281956559834904,35.306606690674165,35.208607791658636,49.86183448928452,180.2496840511682,0.5016968089813821,180.7513808601496
0.02,0.706132357715883,0.7041728299945946,35.25794149274588,35.062078772431576,49.723956058926845,179.25420594588135,1.0013085900736411,180.255514535955
0.03,1.0584687261844956,1.0540618142791343,35.2093433729571,34.915751722875086,49.58636485091696,178.26354948679833,1.4988382171950683,179.7623877039934
0.04,1.4103194484606316,1.402488536756378,35.16081223885005,34.76962636460236,49.44906101059674,177.27769852515462,1.99428856030238,179.271987085457
0.05,1.7616851939393054,1.7494550129486952,35.11234799809437,34.62370241961031,49.31204468667884,176.29663696062326,2.4876624853963314,178.7842994460196
0.06,2.1125666310929825,2.094963255600696,35.063950558486965,34.47797961027901,49.17531603126545,175.3203487411754,2.9789628545278015,178.2993115957032
0.07,2.4629644274726328,2.4390152746823954,35.015619827951845,34.33245765937119,49.0388751998674,174.3488178629423,3.468192525802296,177.8170103887446
0.08,2.8128792497090953,2.7816130773933416,34.96735571453991,34.187136290031745,48.902722351423066,173.38202837007702,3.9553543533858146,177.33738272346284
0.09,3.162311763514417,3.122758668166629,34.91915812642884,34.042015225787154,48.766857648317526,172.41996435461675,4.440451187510559,176.8604155421273
0.1,3.51126263368299,3.4624540486723285,34.871026971922824,33.89709419054499,48.63128125640171,171.46260995634546,4.923485874479811,176.38609583082527
0.11,3.859732524092976,3.800701217821783,34.82296215945249,33.752372908593344,48.49599334501156,170.5099493626569,5.404461256674037,175.91441061933094
0.12,4.207722097707357,4.137502171770755,34.77496359757464,33.60785110460037,48.36099408698739,169.5619668084181,5.8833801725553725,175.44534698097348
0.13,4.555232016575361,4.472858903923733,34.727031194972156,33.46352850361376,48.226283658693205,168.6186465758336,6.360245456673732,174.97889203250733
0.14,4.902262941833712,4.806773404937697,34.67916486045376,33.31940483106011,48.09186224003602,167.67997299430868,6.8350599396721785,174.51503293398088
0.15,5.248815533707823,5.139247662725705,34.631364502953886,33.17547981274453,47.957730014485406,166.74593044031488,7.307826448292008,174.0537568886069
0.16,5.5948904515130575,5.470283662460677,34.58363003153247,33.03175317485004,47.82388716909292,165.81650333725443,7.778547805378149,173.59505114263257
0.17,5.940488353655997,5.7998833865792445,34.53596135537482,32.888224643937136,47.69033389451176,164.89167615532622,8.247226829884614,173.13890298521085
0.18,6.285609897635789,6.128048814785778,34.48835838379141,32.74489394694314,47.55707038501624,163.97143341139065,8.713866336880248,172.6852997482709
0.19,6.630255740045194,6.454781924055556,34.4408210262177,32.60176081118178,47.42409683852152,163.05575966883634,9.178469137553215,172.23422880638955
0.2,6.974426536572012,6.780084688639059,34.393349192213996,32.45882496434268,47.29141345660334,162.14463953744672,9.641038039217122,171.78567757666383
0.21,7.3181229420003024,7.1039590800656445,34.34594279146527,32.31608613449073,47.1590204445176,161.2380576732661,10.101575845316233,171.33963351858233
0.22,7.66134561021153,7.426407067146959,34.29860173378096,32.17354405006573,47.02691801122036,160.33599877846802,10.560085355430324,170.89608413389834
0.23,8.004095194185888,7.747430615981006,34.25132592909484,32.03119843988172,46.89510636938748,159.43844760122204,11.016569365280468,170.4550169665025
0.24,8.346372346003596,8.067031689955979,34.20411528746481,31.889049033126554,46.7635857354345,158.54538893556168,11.471030666734483,170.01641960229617
0.25,8.68817771684597,8.38521224975349,34.15696971907276,31.747095559361384,46.632356329536655,157.6568076212536,11.923472047811533,169.58027966906513
0.26,9.029511956996851,8.701974253352905,34.10988913422436,31.605337748520085,46.50141837564856,156.77268854366514,12.373896292688272,169.1465848363534
0.27,9.370375715843675,9.017319656034577,34.06287344334894,31.463775330908817,46.37077210152439,155.89301663363466,12.822306181703462,168.7153228153381
0.28,9.710769641878889,9.331250410384026,34.01592255699926,31.32240803720545,46.24041773873765,155.01777686733982,13.268704491363913,168.28648135870372
0.29,10.050694382701007,9.643768466295231,33.969036385851375,31.181235598459068,46.11035552270125,154.14695426616814,13.713093994349148,167.8600482605173
0.3,10.390150585015913,9.95487577097445,33.92221484070449,31.040257746089523,45.98058569268755,153.28053389658723,14.155477459516854,167.43601135610407
0.31,10.729138894638155,10.264574268944191,33.875457832480734,30.899474211886798,45.85110849184824,152.4185008700147,14.595857651908522,167.0143585219232
0.32,11.067659956492063,10.572865902046537,33.82876527222502,30.758884728010614,45.7219241672345,151.56084034268977,15.034237332754175,166.59507767544395
0.33,11.405714414613083,10.879752609447177,33.782137071104884,30.618489026989835,45.59303296981695,150.70753751554412,15.470619259478097,166.17815677502222
0.34,11.743302912148916,11.185236327638851,33.73557314041029,30.478286841722024,45.46443515450575,149.8585776340737,15.905006185703732,165.76358381977744
0.35000000000000003,12.080426091360739,11.489318990444982,33.689073391553485,30.338277905472893,45.33613098017057,149.01394598821068,16.337400861258853,165.35134684946954
0.36,12.417084593624546,11.792002529023769,33.64263773606882,30.198461951875828,45.20812070966071,148.17362791219588,16.767806032181383,164.94143394437725
0.37,12.753279059432204,12.093288871871334,33.59626608561259,30.058838714931326,45.08040460982507,147.33760878445142,17.196224440723864,164.53383322517527
0.38,13.089010128392788,12.393179944825697,33.54995835196286,29.919407929006596,44.952982951532206,146.505874027454,17.62265882535911,164.12853285281312
0.39,13.424278439233792,12.691677671070568,33.50371444701927,29.780169328834887,44.82585600969028,145.67840910760773,18.047111920785603,163.72552102839333
0.4,13.759084629802262,12.98878397113857,33.457534282802925,29.641122649515154,44.699024063267125,144.85519953511866,18.469586457932078,163.32478599305074
0.41000000000000003,14.09342933706609,13.284500762915275,33.41141777145619,29.502267626511482,44.5724873953102,144.03623086386875,18.890085163963246,162.926316027832
0.42,14.427313197115152,13.578829961642587,33.36536482524253,29.36360399565254,44.44624629296644,143.2214886912899,19.308610762284626,162.5300994535745
0.43,14.760736845162626,13.871773479922666,33.319375356546324,29.225131493131144,44.32030104750229,142.41095865823937,19.725165972548123,162.1361246307875
0.44,15.09370091554615,14.163333227721505,33.273449277872736,29.086849855503715,44.194651954323454,141.60462644887448,20.139753510657087,161.74437995953156
0.45,15.426206041728905,14.453511112372109,33.227586501847526,28.948758819689843,44.06929931299487,140.80247779052894,20.55237608877087,161.3548538792998
0.46,15.758252856301048,14.742309038578846,33.181786941216885,28.81085812297168,43.94424342726035,140.00449845358781,20.963036415310988,160.9675348688988
0.47000000000000003,16.089841990980776,15.029728908420658,33.13605050884727,28.673147502993487,43.81948460506238,139.21067425136414,21.371737194965696,160.58241144632984
0.48,16.42097407661548,15.315772621354526,33.09037711772524,28.53562669776123,43.69502315856187,138.4209910399762,21.77848112869492,160.19947216867112
0.49,16.751649743183094,15.600442074219501,33.044766680957295,28.398295445641935,43.570859404157645,137.63543471822325,22.183270913735974,159.81870563195923
0.5,17.081869619793203,15.883739161240094,32.99921911176969,28.261153485363224,43.44699366250608,136.85399122746364,22.586109243608394,159.44010047107204
0.51,17.411634334688237,16.165665774029854,32.95373432350831,28.12420055601291,43.323426258540614,136.07664655149244,22.98699880811903,159.06364535961148
0.52,17.740944515244664,16.446223801594897,32.90831222963846,27.987436397038422,43.20015752149109,135.30338671641914,23.385942293367034,158.68932900978618
0.53,18.069800787974238,16.725415130337815,32.86295274374472,27.850860748246305,43.0771877849031,134.53419779054585,23.78294238174946,158.3171401722953
0.54,18.39820377852515,17.00324164406097,32.8176557795308,27.71447334980172,42.954517386657265,133.7690658842465,24.178001751965922,157.9470676362124
0.55,18.72615411168319,17.279705223970076,32.77242125081935,27.57827394222805,42.83214666898836,133.00797714984546,24.57112307902369,157.57910022886915
0.56,19.05365241137301,17.55480774867803,32.72724907155179,27.442262266406274,42.710075978504335,132.25091778149692,24.96230903424314,157.21322681574006
0.5700000000000001,19.380699300659224,17.828551094208123,32.68213915578817,27.306438063574532,42.5883056662053,131.49787401506472,25.35156228526233,156.84943630032706
0.58,19.7072954017477,18.100937133998087,32.637091417707005,27.170801075327645,42.46683608750233,130.74883212800228,25.738885496042737,156.48771762404502
0.59,20.033441335986613,18.37196773890308,32.592105771605084,27.035351043616615,42.34566760223619,130.00377843923297,26.12428132687351,156.12805976610647
0.6,20.359137723867782,18.64164477719988,32.54718213189734,26.900087710748082,42.22480057469588,129.2626993090307,26.50775243437744,155.77045174340813
0.61,20.684385185027658,18.909970114589747,32.502320413116664,26.76501081938396,42.10423537363718,128.52558113890143,26.88930147151502,155.41488261041644
0.62,21.009184338248666,19.176945614202516,32.457520529913765,26.630120112540823,41.98397237230089,127.79241037146402,27.268931087590268,155.0613414590543
0.63,21.333535801460403,19.442573136600153,32.41278239705698,26.49541533358942,41.864011948430985,127.06317349033198,27.64664392825578,154.70981741858776
0.64,21.65744019174057,19.706854539779656,32.368105929432126,26.360896226254326,41.74435448429271,126.33785701999591,28.02244263551687,154.3602996555128
0.65,21.98089812531647,19.969791679177483,32.32349104204235,26.226562534613237,41.62500036669034,125.61644752570535,28.396329847737846,154.0127773734432
0.66,22.30391021756594,20.231386407672353,32.27893765000794,26.092414003096707,41.505949986984966,124.89893161335205,28.768308199646007,153.66723981299805
0.67,22.62647708301861,20.491640575589116,32.23444566856619,25.958450376487505,41.38720374111194,124.18529592935248,29.13838032233714,153.32367625168962
0.68,22.94859933535708,20.75055603070222,32.190015013071225,25.824671399920177,41.2687620295982,123.47552716053143,29.506548843280456,152.98207600381187
0.6900000000000001,23.270277587418057,21.00813461823916,32.14564559899385,25.69107681888059,41.150625257579456,122.76961203400586,29.872816386323482,152.64242842032934
0.7000000000000001,23.591512451193616,21.2643781808843,32.10133734192136,25.5576663792054,41.032793834817056,122.06753731706854,30.237185571697506,152.30472288876604
0.71,23.91230453783217,21.519288558781774,32.057090157557425,25.424439827081613,40.915268175714786,121.36928981707278,30.599659016021704,151.9689488330945
0.72,24.23265445763984,21.772867589539516,32.01290396172188,25.29139690904607,40.79804869933529,120.6748563813167,30.960239332308863,151.63509571362556
0.73,24.552562820081487,22.025117108232592,31.96877867035062,25.15853737198495,40.68113582941641,119.98422389692851,31.318929129970122,151.30315302689863
0.74,24.87203023378189,22.276038947406526,31.92471419949539,25.02586096313337,40.56452999438728,119.29737929075202,31.675731014819707,150.97311030557174
0.75,25.191057306526975,22.525634937081136,31.880710465323656,24.893367430074804,40.44823162738399,118.61430952923172,32.030647589080374,150.6449571183121
0.76,25.509644645264917,22.77390690475376,31.836767384118424,24.761056520740652,40.332241166265234,117.93500161829904,32.38368145138799,150.31868306968704
0.77,25.827792856107237,23.020856675402662,31.7928848722781,24.628927983409767,40.21655905362758,117.25944260325878,32.73483519679644,149.99427780005522
0.78,26.145502544330064,23.26648607149071,31.749062846316335,24.496981566707973,40.10118573682048,116.58761956867563,33.08411141678273,149.67173098545837
0.79,26.46277431437522,23.510796912968722,31.70530122286183,24.365217019607556,39.986121667960965,115.91951963826085,33.43151269925188,149.35103233751272
0.8,26.779608769851436,23.753791017279134,31.66159991865821,24.233634091426808,39.8713673039481,115.25512997475975,33.77704162854206,149.0321716033018
0.81,27.09600651353541,23.995470199359183,31.617958850563873,24.102232531829557,39.75692310647711,114.59443777983917,34.12070078542913,148.7151385652683
0.8200000000000001,27.411968147373,24.23583627164441,31.57437793555179,23.9710120908247,39.642789542053215,113.93743029397547,34.462492747131634,148.39992304110712
0.8300000000000001,27.727494272480342,24.474891044072173,31.530857090709397,23.839972518765705,39.5289670820051,113.2840947963426,34.8024200873158,148.0865148836584
0.84,28.042585489145065,24.712636324085132,31.487396233238403,23.709113566350112,39.415456202498056,112.63441860470057,35.140485376100465,147.77490398080104
0.85,28.357242396827388,24.94907391663473,31.443995280454633,23.578434984619136,39.30225738454682,111.98838907528445,35.47669118006206,147.4650802553465
0.86,28.671465594161216,25.1842056241844,31.400654149787897,23.447936524957115,39.18937111402797,111.34599360269321,35.81104006223915,147.15703366493236
0.87,28.985255678955337,25.418033246713165,31.357372758781814,23.31761793909108,39.076797881692066,110.70721961977947,36.14353458213755,146.85075420191703
0.88,29.298613248194567,25.650558581719075,31.314151025093643,23.18747897909026,38.9645381831753,110.07205459753912,36.474177295735224,146.54623189327435
0.89,29.611538898040802,25.881783424222455,31.27098886649416,23.057519397365652,38.85259251901081,109.44048604500138,36.80297075548691,146.24345680048827
0.9,29.92403322383435,26.111709566769797,31.227886200867466,22.92773894666948,38.74096139463957,108.81250150911912,37.12991751032963,145.94241901944875
0.91,30.23609682009473,26.340338799436296,31.18484294621086,22.798137380094786,38.62964532042085,108.18808857465963,37.45502010568633,145.64310868034596
0.92,30.547730280522128,26.56767290983008,31.14185902063467,22.668714451074948,38.51864481164231,107.56723486409578,37.77828108347184,145.3455159475676
0.93,30.858934197998416,26.79371368309546,31.098934342362078,22.539469913383172,38.407960388529524,106.94992803749683,38.09970298209757,145.04963101959441
0.9400000000000001,31.169709164588166,27.018462901915868,31.05606882972901,22.410403521132082,38.29759257625517,106.33615579242054,38.41928833647562,144.75544412889616
0.9500000000000001,31.480055771539945,27.241922346517725,31.013262401183937,22.281515028773214,38.18754190494769,105.72590586380487,38.73703967802431,144.46294554182919
0.96,31.78997460928732,27.46409379467356,30.970514975287745,22.15280419109655,38.077808909699456,105.11916602386007,39.05295953467264,144.1721255585327
0.97,32.09946626745009,27.684979021705644,30.927826470713573,22.02427076323005,37.96839413057446,104.51592408196147,39.3670504308654,143.88297451282688
0.98,32.40853133483529,27.90457980048909,30.885196806246647,21.895914500639222,37.85929811261549,103.91616788454209,39.679314887567614,143.5954827721097
0.99,32.71717039943836,28.122897901455318,30.842625900784153,21.767735159126644,37.750521405850805,103.31988531498598,39.98975542226948,143.30964073725545
1.0,33.02538404844432,28.339935092595596,30.800113673335055,21.639732494831435,37.64206456530014,102.72706429352125,40.29837454899137,143.0254388425126
1.01,33.33317286822882,28.55569313946421,30.757660043019953,21.51190626422887,37.53392815098035,102.13769277711425,40.605174778288365,142.74286755540263
1.02,33.640537444359275,28.770173805181855,30.715264929070926,21.384256224129885,37.426112727910336,101.55175875936327,40.91015861725506,142.46191737661832
1.03,33.947478361595934,28.983378850438953,30.672928250831387,21.256782131680623,37.318618866115436,100.96925027039305,41.21332856953028,142.18257883992334
1.04,34.25399620389309,29.195310033499126,30.63064992775592,21.129483744361977,37.211447140631215,100.39015537674935,41.514687135302054,141.9048425120514
1.05,34.560091554400145,29.405969110202648,30.588429879410114,21.00236081998908,37.104598131506584,99.81446218129364,41.81423681131247,141.6286989926061
1.06,34.865764995462655,29.615357833969256,30.54626802547046,20.87541311671093,36.99807242380643,99.24215882309885,42.111980090861714,141.35413891396055
1.07,35.17101710862351,29.823477955802076,30.504164285724134,20.74864039300985,36.89187060761338,98.67323347734435,42.40791946381363,141.081152941158
1.08,35.47584847462408,30.03033122429069,30.462118580068882,20.622042407701073,36.78599327802906,98.10767435521194,42.70205741660009,140.80973177181204
1.09,35.780259673405205,30.23591938561451,30.420130828512864,20.49561891993227,36.680441035174645,97.54546970378199,42.99439643222579,140.5398661360078
1.1,36.08425128410839,30.44024418354607,30.378200951174495,20.369369689183088,36.57521448419065,96.98660780592985,43.28493899027295,140.2715467962028
1.11,36.387823885076834,30.643307359454226,30.336328868282294,20.24329447526472,36.470314235236046,96.43107698022241,43.573687566905804,140.00476454712822
1.12,36.69097805385663,30.845110652307866,30.29451450017474,20.117393038319392,36.36574090348661,95.87886558081513,43.86064463487596,139.7395102156911
1.1300000000000001,36.99371436719779,31.04565579867881,30.252757767300096,19.991665138819954,36.26149510913257,95.32996199734926,44.145812663526456,139.47577466087571
1.1400000000000001,37.296033401055276,31.244944532745123,30.211058590216304,19.866110537569426,36.15757747737546,94.78435465484965,44.42919411879652,139.21354877364615
1.1500000000000001,37.59793573059029,31.442978586294743,30.169416889590785,19.740728995700522,36.053988638424144,94.24203201362225,44.710791463226656,138.9528234768489
1.16,37.89942193017117,31.639759688728503,30.127832586200316,19.615520274675163,35.95072922749003,93.70298256915217,44.990607155963055,138.69358972511523
1.17,38.20049257337467,31.83528956706361,30.08630560093087,19.490484136284124,35.847799884781594,93.16719485200267,45.26864365276243,138.4358385047651
1.18,38.501148232986836,32.02956994593667,30.044835854777467,19.36562034264645,35.74520125549783,92.63465742771318,45.54490340599637,138.17956083370956
1.19,38.801389481004286,32.22260254760724,30.003423268844028,19.240928656209135,35.64293398982106,92.10535889669875,45.81938886465641,137.92474776135515
1.2,39.10121688863515,32.41438909196076,29.962067764343217,19.116408839746583,35.54099874290868,91.57928789414912,46.09210247435815,137.67139036850728
1.21,39.40063102630032,32.60493129651235,29.9207692625963,18.992060656360152,35.439396174884116,91.05643308992833,46.3630466773467,137.41947976727505
1.22,39.699632463634345,32.794230876409586,29.879527685032986,18.86788386947778,35.33812695082681,90.53678318847453,46.63222391250059,137.16900710097514
1.23,39.99822176948669,32.98228954443603,29.838342953191283,18.74387824285344,35.237191740761276,90.02032692870016,46.89963661533681,136.91996354403696
1.24,40.29639951192272,33.16910901101444,29.797214988717347,18.62004354056677,35.13659121964514,89.50705308389217,47.165287218015386,136.67234030190755
1.25,40.594166258224774,33.35469098420987,29.756143713365336,18.49637952702257,35.036326067356306,88.99695046161304,47.42917814934374,136.42612861095677
1.26,40.8915225748933,33.539037169733106,29.715129048997266,18.372885966950392,34.93639696867901,88.4900079036015,47.69131183478165,136.18131973838314
1.27,41.18846902764788,33.72214927094389,29.674170917582842,18.24956262540408,34.83680461328887,87.98621428567368,47.951690696445766,135.93790498211945
1.28,41.48500618142839,33.90402898885415,29.633269241199322,18.12640926776129,34.737549695736924,87.48555851762494,48.21031715311425,135.69587567073918
1.29,41.78113460039591,34.08467802213109,29.592423942031388,18.003425659723092,34.63863291543257,86.9880295431314,48.46719362023111,135.45522316336252
1.3,42.076854847934015,34.26409806710066,29.55163494237096,17.880611567313494,34.540054976625406,86.49361633965215,48.72232250991124,135.21593884956337
1.31,42.37216748664968,34.442290817750575,29.510902164617075,17.757966756879014,34.441816588386,86.0023079183315,48.975706230944574,134.97801414927608
1.32,42.667073078374386,34.619257965733695,29.470225531275737,17.635490995088247,34.34391846458547,85.51409332390188,49.22734718880103,134.74144051270292
1.33,42.961572184165256,34.795001200371104,29.429604964959754,17.513184048931365,34.24636132387392,85.02896163458622,49.47724778563479,134.506209420221
1.34,43.25566536430606,34.969522208655405,29.38904038838861,17.39104568571973,34.14914588965774,84.54690196200177,49.72541042028902,134.2723123822908
1.35,43.549353178308266,35.14282267525408,29.348531724388305,17.26907567308544,34.052272890075606,84.0679034510629,49.97183748830066,134.03974093936355
1.36,43.84263618491215,35.31490428251219,29.308078895891217,17.14727377898086,33.9557430579734,83.59195527988538,50.216531381904225,133.8084866617896
1.37,44.13551494208788,35.48576871045631,29.267681825935945,17.02563977167823,33.85955713087773,83.11904665969004,50.45949449003747,133.57854114972753
1.3800000000000001,44.42799000703647,35.655417636797,29.227340437667173,16.904173419769165,33.763715850968254,82.64916683470705,50.70072919834481,133.34989603305186
1.3900000000000001,44.72006193619101,35.82385273693268,29.187054654335512,16.78287449216424,33.66821996504872,82.18230508208062,50.94023788918292,133.12254297126353
1.4000000000000001,45.01173128521749,35.991075683952076,29.146824399297376,16.661742758092615,33.573070224516684,81.71845071177383,51.17802294162414,132.89647365339798
1.41,45.3029986090161,36.15708814863804,29.10664959601481,16.540777987101436,33.47826738533176,81.25759306647319,51.41408673146197,132.67167979793516
1.42,45.593864461722184,36.32189179947058,29.06653016805535,16.419979949055573,33.383812207982764,80.79972152149477,51.648431631215324,132.4481531527101
1.43,45.8843293967072,36.48548830262958,29.0264660390919,16.299348414137086,33.28970545745319,80.34482548468915,51.88106001013243,132.22588549482157
1.44,46.17439396657992,36.64787932199866,28.986457132902558,16.178883152844804,33.195947903185456,79.8928943963477,52.111974234196325,132.00486863054402
1.45,46.464058723187435,36.8090665191679,28.94650337337049,16.058583935993866,33.102540319043634,79.44391772910842,52.34117666612869,131.7850943952371
1.46,46.75332421761612,36.969051553437026,28.906604684483774,15.938450534715372,33.00948348327474,78.99788498786262,52.56866966539441,131.56655465325701
1.47,47.04219100019288,37.12783608181891,28.866760990335255,15.818482720455805,32.916778178468505,78.55478570966127,52.79445558820656,131.34924129786782
1.48,47.33065962048595,37.28542175904214,28.826972215122417,15.698680264976744,32.824425191515694,78.11460946362223,53.018536787530024,131.13314625115225
1.49,47.61873062730613,37.44181023755465,28.78723828314722,15.579042940354327,32.73242531356485,77.67734585083733,53.24091561308671,130.91826146392404
1.5,47.90640456870769,37.597003167526594,28.74755911881597,15.459570518978879,32.64077933997747,77.24298450427975,53.46159441135957,130.70457891563933
1.51,48.19368199198961,37.751002196853975,28.707934646639156,15.340262773554414,32.549488070281605,76.81151508871183,53.68057552559781,130.49209061430963
1.52,48.480563443696354,37.903808971160885,28.668364791231326,15.221119477098284,32.45855230812386,76.38292730059294,53.89786129582005,130.280788596413
1.53,48.76704946961919,38.055425133803595,28.628849477310936,15.102140402940677,32.367972861219776,75.95721086798784,54.113454058820174,130.070664926808
1.54,49.05314061479695,38.20585232587287,28.58938862970021,14.98332532472422,32.277750541302495,75.53435555047513,54.32735614817056,129.86171169864568
1.55,49.33883742351729,38.35509218619765,28.54998217332499,14.86467401640357,32.18788616406983,75.11435113905605,54.5395698942274,129.65392103328344
1.56,49.62414043931764,38.50314635134809,28.510630033214596,14.746186252244883,32.09838054912949,74.69718745606322,54.75009762413492,129.44728508019813
1.57,49.90905020498623,38.650016455638365,28.47133213450169,14.627861806825535,32.00923451994274,74.28285435507028,54.958941661829456,129.24179601689974
1.58,50.1935672625631,38.79570413112994,28.43208840242212,14.509700455033595,31.920448903766196,73.87134172080127,55.16610432804408,129.03744604884534
1.59,50.477692153341245,38.94021100763507,28.39289876231479,14.391701972067366,31.832024531591834,73.46263946904016,55.37158794031354,128.8342274093537
1.6,50.76142541786744,39.08353871271906,28.353763139621524,14.273866133435092,31.7439622380853,73.05673754654143,55.57539481297752,128.63213235951895
1.61,51.04476759594352,39.22568887170425,28.31468145988689,14.156192714954372,31.6562628615222,72.65362593093975,55.77752725718627,128.43115318812602
1.62,51.327719226627174,39.36666310767235,28.27565364875811,14.038681492751877,31.56892724372277,72.25329463066096,55.97798758090398,128.23128221156495
1.6300000000000001,51.610280848233195,39.506463041468294,28.236679631984867,13.921332243262782,31.481956229984455,71.85573368483263,56.176778088914176,128.03251177374682
1.6400000000000001,51.89245299833424,39.64509029170249,28.197759335419207,13.80414474323048,31.395350669012743,71.46093316319522,56.373901082823004,127.83483424601823
1.6500000000000001,52.17423621376211,39.78254647475457,28.158892685015363,13.68711876970606,31.309111412849962,71.06888316601324,56.569358861064515,127.63824202707775
1.6600000000000001,52.45563103060859,39.91883320477611,28.120079606829638,13.570254100047904,31.223239316802204,70.67957382398696,56.76315371890455,127.4427275428915
1.67,52.7366379842266,40.053952093693894,28.081320027020258,13.453550511921321,31.13773523936427,70.2929952981642,56.95528794844536,127.24828324660956
1.68,53.01725760923109,40.1879047512128,28.042613871847227,13.33700778329802,31.052600042142533,69.9091377798521,57.14576383862973,127.05490161848184
1.69,53.29749043950019,40.32069278481909,28.00396106767218,13.220625692455783,30.967834589775908,69.52799149052979,57.334583675245675,126.86257516577547
1.7,53.57733700817608,40.452317799783174,27.965361540958263,13.10440401797797,30.883439749854688,69.14954668176057,57.521749740930325,126.67129642269089
1.71,53.8567978476661,40.582781399162826,27.926815218269983,12.988342538753201,30.79941639283741,68.77379363510518,57.70726431517451,126.48105795027969
1.72,54.13587348964376,40.712085183806295,27.888322026273066,12.87244103397478,30.715765391965494,68.40072266203421,57.891129674327225,126.29185233636144
1.73,54.414564465049736,40.84023075235538,27.84988189173431,12.75669928314042,30.63248762317592,68.03032410384188,58.07334809159995,126.10367219544182
1.74,54.69287130409287,40.96721970124827,27.811494741521464,12.641117066051748,30.549583965011713,67.6625883315593,58.25392183707071,125.91651016863003
1.75,54.970794536251134,41.09305362472256,27.77316050260308,12.52569416281392,30.467055298530287,67.29750574586842,58.432853177688386,125.7303589235568
1.76,55.248334690272785,41.21773411481867,27.73487910204837,12.410430353835153,30.384902507209603,66.93506677701585,58.610144377277535,125.54521115429338
1.77,55.52549229417722,41.34126276138251,27.69665046702707,12.29532541982634,30.30312647685216,66.57526188472713,58.785797696542204,125.36105958126933
1.78,55.802267875256014,41.46364115206849,27.658474524809307,12.180379141800685,30.22172809548684,66.21808155812154,58.9598153930702,125.17789695119174
1.79,56.07866196007396,41.58487087234276,27.620351202765452,12.065591301073198,30.14070825326837,65.8635163156264,59.13219972133771,124.99571603696411
1.8,56.354675074470116,41.7049535054863,27.58228042836598,11.950961679260303,30.060067842374696,65.51155670489227,59.302952932713694,124.81450963760597
1.81,56.63030774355865,41.8238906325974,27.544262129181355,11.836490058279466,29.979807756902026,65.1621933027082,59.47207727546338,124.63427057817158
1.82,56.90556049173,41.941683832595345,27.50629623288186,11.722176220348715,29.89992889275758,64.81541671491705,59.63957499475356,124.45499170967061
1.83,57.180433842651816,42.05833468222295,27.46838266723747,11.608019947986278,29.820432147550097,64.47121757633134,59.805448332656134,124.27666590898747
1.84,57.454928319269825,42.17384475604962,27.430521360117744,11.494021024010195,29.741318420478002,64.12958655064915,59.96969952815252,124.09928607880167
1.85,57.729044443809116,42.28821562647474,27.392712239491637,11.380179231537753,29.66258861221519,63.790514330370065,60.132330817138424,123.9228451475085
1.86,58.002782737774865,42.40144886373011,27.354955233427393,11.266494353985294,29.58424362479459,63.45399163671194,60.29334443242733,123.74733606913927
1.87,58.27614372195341,42.513546035883195,27.317250270092423,11.152966175067633,29.506284361489286,63.12000921952737,60.45274260375511,123.57275182328249
1.8800000000000001,58.54912791641335,42.62450870884021,27.279597277753123,11.039594478797696,29.42871172669127,62.78855785722047,60.61052755778443,123.39908541500489
1.8900000000000001,58.82173584050634,42.73433844634897,27.241996184774777,10.92637904948613,29.351526625787848,62.45962835666413,60.766701518108775,123.22632987477292
1.9000000000000001,59.093968012868274,42.84303681000188,27.204446919621407,10.813319671740913,29.274729965035675,62.13321155311742,60.921266705256706,123.05447825837413
1.9100000000000001,59.36582495142007,42.95060535923875,27.166949410855644,10.700416130466863,29.19832265143231,61.809298310143014,61.0742253366959,122.88352364683891
1.92,59.63730717336884,43.05704565135008,27.12950358713857,10.587668210865303,29.122305592585423,61.48787951952508,61.22557962683777,122.71345914636285
1.93,59.90841519520884,43.16235924147989,27.092109377229605,10.4750756984336,29.046679696579545,61.16894610118727,61.37533178704151,122.54427788822878
1.94,60.17914953272233,43.266547682628584,27.054766709986367,10.362638378964817,28.97144587184045,60.852489003111124,61.52348402561818,122.3759730287293
1.95,60.44951070098062,43.36961252565595,27.01747551436453,10.250356038547253,28.896605026997015,60.5384992012545,61.67003854783496,122.20853774908946
1.96,60.71949921434517,43.47155531928422,26.9802357194177,10.138228463564033,28.822158070740688,60.226967699470286,61.81499755591949,122.04196525538978
1.97,60.98911558646837,43.57237761010086,26.943047254297255,10.026255440692779,28.748105911682536,59.91788552942544,61.95836324906385,121.8762487784893
1.98,61.2583603302947,43.67208094256168,26.905910048252245,9.914436756905076,28.674449458207764,59.61124375052008,62.100137823429,121.71138157394908
1.99,61.52723395806149,43.77066685899345,26.86882403062924,9.802772199466219,28.60118961832789,59.30703344980716,62.24032347214847,121.54735692195563
2.0,61.79573698130016,43.868136899597346,26.83178913087218,9.69126155593463,28.52832729953032,59.00524574191171,62.378922385333254,121.38416812724496
2.0100000000000002,62.063869910836964,43.96449260245137,26.794805278522276,9.579904614161677,28.45586340862567,58.7058717689512,62.515936750075305,121.2218085190265
2.02,62.33163325679407,44.05973550351354,26.75787240321785,9.468701162291026,28.383798851592413,58.408902700455265,62.651368750451994,121.06027145090727
2.0300000000000002,62.59902752859057,44.15386713662491,26.720990434694194,9.357650988758422,28.31213453341924,58.11432973328619,62.78522056753048,120.89955030081667
2.04,62.86605323494333,44.24688903351225,26.68415930278347,9.246753882291202,28.240871357944908,57.822144091559494,62.91749437937146,120.73963847093096
2.05,63.13271088386802,44.33880272379096,26.647378937414544,9.136009631907939,28.170010227695677,57.532337026564726,63.048192361033365,120.58052938759809
2.06,63.39900098268016,44.429609734968324,26.61064926861287,9.025418026917947,28.099552043720237,57.2448998166863,63.17731668457692,120.42221650126322
2.07,63.66492403799591,44.519311592446,26.573970226500354,8.914978856921039,28.029497705422344,56.95982376732504,63.304869519068774,120.26469328639382
2.08,63.930480555733176,44.607909819522945,26.537341741295215,8.80469191180697,27.95984811039088,56.67710021081931,63.430853030585574,120.10795324140489
2.09,64.19567104111255,44.69540593739893,26.500763743311854,8.694556981755113,27.890604154227614,56.39672050636685,63.55526938221901,119.95198988858586
2.1,64.4604959986582,44.78180146517653,26.464236162960727,8.584573857234062,27.82176673037255,56.1186760399467,63.67812073407863,119.79679677402532
2.11,64.72495593219888,44.867097919864534,26.427758930748222,8.47474232900123,27.753336729926865,55.84295822424129,63.79940924329672,119.64236746753801
2.12,64.98905134486895,44.95129681638096,26.391331977276486,8.365062188102414,27.68531504147347,55.56955849855869,63.91913706403253,119.48869556259123
2.13,65.2527827391092,45.03439966755553,26.35495523324335,8.255533225871446,27.617702550895295,55.29846832875531,64.03730634747585,119.33577467623115
2.14,65.51615061666789,45.11640798413259,26.31862862944215,8.146155233929775,27.550500141191147,55.02967920715857,64.1539192418511,119.18359844900968
2.15,65.77915547860177,45.19732327477473,26.282352096761613,8.036928004186038,27.483708692289316,54.763182652489895,64.26897789242258,119.03216054491247
2.16,66.04179782527683,45.277147046064385,26.246125566185743,7.927851328835743,27.417329080858906,54.49897020978808,64.38248444149666,118.88145465128474
2.17,66.30407815636941,45.35588080250764,26.209948968793665,7.818925000360807,27.35136218011884,54.237033450332554,64.49444102842718,118.73147447875974
2.18,66.5659969708672,45.433526046537,26.173822235759484,7.710148811529166,27.285808859644646,53.97736397156701,64.60484978961944,118.58221376118644
2.19,66.82755476707003,45.51008427851386,26.1377452983522,7.601522555394439,27.220669985173085,53.71995339702346,64.71371285853374,118.4336662555572
2.2,67.08875204259087,45.58555699673164,26.10171808793553,7.493046025295428,27.155946418404504,53.464793376246085,64.82103236568975,118.28582574193584
2.21,67.34958929435689,45.65994569741861,26.065740535967805,7.384719014855847,27.09163901680311,53.21187558471572,64.92681043867057,118.1386860233863
2.22,67.61006701861021,45.733251874740546,26.029812574001827,7.276541317983842,27.027748633395078,52.961191723774235,65.03104920212652,117.99224092590076
2.23,67.87018571090907,45.80547702080406,25.993934133684746,7.168512728871647,26.964276116564594,52.71273352054934,65.13375077777988,117.84648429832922
2.24,68.12994586612855,45.8766226256588,25.958105146757923,7.060633041995132,26.90122230984781,52.46649272787938,65.23491728442794,117.70141001230732
2.25,68.38934797846163,45.94669017730061,25.922325545056804,6.952902052113501,26.838588051724862,52.22246112423867,65.33455083794762,117.5570119621863
2.2600000000000002,68.6483925414202,46.01568116167451,25.8865952605108,6.845319554268826,26.776374175409845,51.98063051366275,65.43265355129961,117.41328406496237
2.27,68.90708004783576,46.08359706267714,25.850914225143132,6.737885343785706,26.71458150863887,51.740992725673955,65.5292275345319,117.27022026020586
2.2800000000000002,69.16541098986067,46.15043936216,25.81528237107073,6.630599216270824,26.65321087345625,51.50353961520717,65.62427489478432,117.12781450999148
2.29,69.42338585896886,46.216209539932095,25.779699630504084,6.523460967612607,26.59226308599886,51.268263062535866,65.71779773629238,116.98606079882825
2.3000000000000003,69.68100514595677,46.28090907376233,25.74416593574713,6.416470393980845,26.531738956278677,51.035154973198374,65.80979816039064,116.84495313358902
2.31,69.93826934094447,46.344539439383226,25.708681219197103,6.309627291826246,26.47163928796357,50.804207277924085,65.90027826551798,116.70448554344208
2.32,70.19517893337637,46.40710211049284,25.67324541334443,6.202931457880084,26.411964878156436,50.57541193256026,65.98924014722037,116.56465207978063
2.33,70.45173441202228,46.468598558758146,25.63785845077258,6.096382689153842,26.352716517172674,50.34876091799874,66.0766858981556,116.42544681615433
2.34,70.70793626497833,46.52903025381761,25.602520264157953,5.989980782938744,26.29389498831609,50.12424624010306,66.16261760809705,116.28686384820011
2.35,70.96378497966786,46.5883986632839,25.56723078626974,5.883725536805457,26.235501067653267,49.901859929635584,66.24703736393748,116.14889729357307
2.36,71.21928104284235,46.64670525274684,25.53198994996981,5.777616748603677,26.177535523786517,49.68159404218511,66.32994724969322,116.01154129187833
2.37,71.4744249405824,46.703951485776116,25.496797688212563,5.671654216461704,26.119999117625355,49.46344065809432,66.41134934650802,115.87479000460235
2.38,71.72921715829855,46.76013882392425,25.461653934044815,5.565837738786101,26.06289260215672,49.24739188238777,66.49124573265732,115.73863761504509
2.39,71.98365818073238,46.81526872672899,25.426558620605668,5.46016711426131,26.006216722213885,49.03343984469989,66.56963848355163,115.60307832825151
2.4,72.23774849195719,46.869342651716465,25.39151168112638,5.35464214184924,25.949972214244184,48.82157669920328,66.646529671741,115.46810637094428
2.41,72.49148857537917,46.92236205440375,25.35651304893025,5.249262620788926,25.894159806075614,48.611794624537175,66.72192136691868,115.33371599145585
2.42,72.7448789137381,46.97432838830176,25.321562657432462,5.144028350596102,25.83878021668234,48.40408582373607,66.79581563592521,115.19990145966128
2.43,72.9979199891085,47.02524310491788,25.286660440139997,5.038939131062833,25.783834155949293,48.19844252415856,66.86821454275221,115.06665706691078
2.44,73.25061228290028,47.075107653758806,25.251806330651476,4.9339947622572,25.72932232443582,47.99485697741658,66.9391201485464,114.93397712596297
2.45,73.50295627585983,47.123923482333225,25.217000262657056,4.829195044522791,25.675245413138498,47.79332145930448,67.00853451161335,114.80185597091783
2.46,73.75495244807095,47.17169203615478,25.182242169938277,4.724539778478444,25.621604103253233,47.59382826972861,67.0764596874218,114.6702879571504
2.47,74.00660127895574,47.21841475874476,25.147531986367962,4.620028765017764,25.568399065936674,47.39636973263687,67.14289772860741,114.53926746124428
2.48,74.25790324727537,47.26409309163432,25.112869645910084,4.515661805308852,25.5156309620671,47.200938195948794,67.20785068497597,114.40878888092476
2.49,74.50885883113116,47.308728474368195,25.07825508261963,4.411438700793838,25.46330044200474,47.00752603148541,67.2713206035086,114.27884663499401
2.5,74.75946850796545,47.35232234450655,25.043688230642484,4.307359253188551,25.41140814535176,46.816125634899606,67.33330952836448,114.14943516326409
2.5100000000000002,75.00973275456248,47.394876137628216,25.009169024215307,4.203423264482112,25.359954700711906,46.62672942560659,67.3938195008854,114.02054892649198
2.52,75.25965204704934,47.43639128733338,24.9746973976654,4.099630536936573,25.308940725449926,46.439329846714486,67.45285255959953,113.89218240631402
2.5300000000000002,75.50922686089679,47.476869225245935,24.940273285410576,3.995980873086552,25.25836682545089,46.25391936495525,67.51041074022491,113.76433010518016
2.54,75.75845767092021,47.51631138101669,24.90589662195907,3.8924740757388605,25.208233594879495,46.07049047061581,67.56649607567385,113.63698654628966
2.5500000000000003,76.00734495128063,47.554719182325925,24.87156734190936,3.7891099479720793,25.15854161593937,45.8890356774691,67.6211105960567,113.5101462735258
2.56,76.25588917548535,47.59209405488588,24.837285379950085,3.685888293136216,25.109291458632615,45.709547522705655,67.67425632868525,113.3838038513909
2.57,76.50409081638917,47.628437422443795,24.803050670859903,3.5828089148523787,25.060483680519607,45.53201856686523,67.72593529807722,113.25795386494245
2.58,76.75195034619502,47.66375070678441,24.76886314950737,3.4798716170122788,25.01211882647913,45.3564413937686,67.77614952595965,113.13259091972824
2.59,76.99946823645496,47.6980353277327,24.73472275085083,3.3770762037780457,24.964197428469063,45.18280861044965,67.82490103127292,113.00770964172256
2.6,77.24664495807117,47.73129270315678,24.700629409938248,3.2744224795816166,24.916720005287527,45.01111284708743,67.8721918301748,112.88330467726223
2.61,77.49348098129666,47.7635242489701,24.666583061907147,3.1719102491246076,24.86968706233487,44.841346756938805,67.91802393604357,112.75937069298237
2.62,77.73997677573634,47.79473137913493,24.632583641984432,3.069539317377732,24.8230990913763,44.67350301627079,67.96239935948306,112.63590237575386
2.63,77.98613281034777,47.824915505664194,24.598631085486304,2.9673094895806003,24.776956570305565,44.50757432429358,68.00532010832515,112.51289443261874
2.64,78.23194955344212,47.85407803862461,24.564725327818117,2.865220571241224,24.731259962909547,44.343553403093416,68.0467881876343,112.39034159072773
2.65,78.47742747268519,47.88222038613975,24.530866304474245,2.763272368135688,24.686009718633997,44.18143299756568,68.08680559971191,112.26823859727759
2.66,78.72256703509798,47.9093439543916,24.497053951037998,2.661464686307852,24.64120627235059,44.02120587534843,68.12537434409847,112.1465802194469
2.67,78.96736870705786,47.935450147624465,24.463288203181463,2.5597973320688396,24.596850044125247,43.86286482675585,68.1624964175792,112.02536124433506
2.68,79.2118329542994,47.96054036814684,24.429568996665388,2.4582701119967822,24.552941438987943,43.70640266471192,68.19817381418663,111.90457647889855
2.69,79.45596024191514,47.9846160163344,24.395896267339083,2.356882832936421,24.50948084670419,43.55181222468456,68.23240852520492,111.78422074988947
2.7,79.69975103435661,48.00767849063263,24.36226995114026,2.255635301998737,24.466468641548058,43.39908636461945,68.26520253917354,111.664288903793
2.71,79.9432057954351,48.02972918755938,24.328689984094947,2.1545273265605687,24.42390518207721,43.2482179648746,68.29655784189097,111.54477580676557
2.72,80.18632498832271,48.050769501707634,24.295156302317345,2.0535587142642555,24.381790810909703,43.09919992815466,68.32647641641856,111.42567634457322
2.73,80.429109075553,48.07080082574808,24.26166884200972,1.9527292730172974,24.34012585450297,42.95202517944568,68.35496024308424,111.30698542252992
2.74,80.6715585190221,48.089824550431985,24.22822753946226,1.8520388109919281,24.298910622934887,42.8066866659499,68.38201129948659,111.18869796543649
2.75,80.91367377998938,48.107842064593456,24.19483233105298,1.7514871366248315,24.258145409687213,42.663177357020835,68.40763156049807,111.07080891751892
2.7600000000000002,81.15545531907848,48.124854755152285,24.161483153247584,1.6510740586167145,24.21783049143139,42.52149024409853,68.43182299826904,110.95331324236757
2.77,81.39690359627816,48.14086400711682,24.128179942599353,1.5507993859319527,24.177966127816884,42.381618340644884,68.45458758223185,110.83620592287673
2.7800000000000002,81.63801907094314,48.15587120358617,24.09492263574901,1.4506629277982483,24.138552561262205,42.24355468207931,68.475927279104,110.7194819611833
2.79,81.87880220179491,48.16987772575294,24.06171116942463,1.3506644937062902,24.099590016748685,42.10729232571453,68.49584405289198,110.60313637860651
2.8000000000000003,82.11925344692277,48.18288495290622,24.028545480441476,1.2508038934092696,24.061078701617102,41.97282435069238,68.51433986489558,110.48716421558795
2.81,82.35937326378453,48.19489426243379,23.99542550570192,1.1510809369227104,24.02301880536743,41.84014385792019,68.53141667371096,110.37156053163116
2.82,82.59916210920754,48.20590702982486,23.962351182195302,1.0514954345239431,23.98541049946157,41.709243970006895,68.54707643523462,110.25632040524151
2.83,82.83862043938944,48.21592462867295,23.929322446997798,0.9520471967518063,23.94825393712944,41.58011783119959,68.56132110266745,110.14143893386704
2.84,83.07774870989907,48.22494843067807,23.89633923727233,0.8527360344062771,23.91154925317839,41.452758607320256,68.57415262651782,110.02691123383806
2.85,83.3165473756773,48.232979805649336,23.863401490268437,0.7535617585481589,23.875296563806113,41.327159485702666,68.5855729546053,109.91273244030796
2.86,83.55501689103794,48.24002012150825,23.830509143322143,0.6545241804986546,23.83949596641711,41.20331367512928,68.59558403206537,109.79889770719466
2.87,83.79315770966866,48.24607074429059,23.797662133855837,0.5556231118390258,23.804147539442905,41.08121440576851,68.6041878013521,109.6854022071206
2.88,84.03097028463169,48.251133038149106,23.76486039937818,0.45685836441025174,23.769251342166097,40.960854929112195,68.6113862022419,109.5722411313541
2.89,84.26845506836483,48.25520836535654,23.73210387748395,0.3582297503126881,23.734807414548317,40.842228517913085,68.61718117183793,109.45940968975101
2.9,84.50561251268225,48.25829808630769,23.69939250585396,0.2597370819056266,23.700815777062267,40.72532846612266,68.62157464457295,109.3469031106956
2.91,84.74244306877533,48.260403559522274,23.666726222254916,0.16138017180705333,23.667276430527888,40.610148088829014,68.62456855221342,109.23471664104244
2.92,84.97894718721362,48.26152614164778,23.63410496453929,0.06315883289320823,23.634189355952813,40.49668072219491,68.62616482386356,109.12284554605847
2.93,85.21512531794552,48.26166718746123,23.601528670645234,-0.03492712170175594,23.601554514377213,40.38491972339615,68.6263653859679,109.01128510936405
2.94,85.45097791029931,48.260828049872714,23.568997278596434,-0.13287787858610045,23.569371846723104,40.27485847056001,68.6251721623162,108.90003063287622
2.95,85.68650541298396,48.25901007992738,23.536510726502,-0.23069362411088434,23.53764127364824,40.16649036270381,68.62258707404636,108.78907743675018
2.96,85.92170827408984,48.25621462680803,23.504068952556363,-0.328374544370277,23.506362695404714,40.05980881967379,68.6186120396481,108.67842085932189
2.97,86.15658694108984,48.25244303783802,23.47167189503912,-0.425920825202013,23.475535991702298,39.95480728208397,68.61324897496705,108.56805625705101
2.98,86.39114186083994,48.24769665848345,23.439319492314972,-0.5233326521875767,23.445161021576762,39.851479211255516,68.60649979320792,108.45797900446343
2.99,86.62537347958028,48.24197683235593,23.407011682833545,-0.6206102106527567,23.41523762326303,39.74981808915576,68.59836640493837,108.34818449409414
3.0,86.85928224293585,48.23528490121515,23.374748405129328,-0.7177536856678159,23.38576561407357,39.64981741833797,68.58885071809271,108.23866813643068
3.0100000000000002,87.09286859591751,48.22762220497131,23.342529597821514,-0.8147632620479897,23.356744790281812,39.55147072188085,68.57795463797537,108.12942535985621
3.02,87.3261329829226,48.218990081687735,23.310355199613912,-0.9116391243536981,23.328174927010895,39.454771543328434,68.56568006726454,108.02045161059297
3.0300000000000002,87.55907584773607,48.20938986758347,23.278225149294812,-1.008381456891044,23.300055778127724,39.359713446630074,68.55202890601592,107.911742352646
3.04,87.79169763353104,48.198822897035654,23.246139385736885,-1.1049904437120261,23.272387076142458,39.26629001608068,68.53700305166612,107.80329306774681
3.0500000000000003,88.02399878286985,48.18729050258224,23.21409784789705,-1.2014662686150075,23.245168532113464,39.17449485626095,68.52060439903647,107.69509925529742
3.06,88.25597973770482,48.174794014924544,23.182100474816366,-1.2978091151449718,23.218399835557886,39.084321591978,68.50283484033666,107.58715643231466
3.0700000000000003,88.48764093937912,48.16133476292961,23.15014720561991,-1.3940191665939494,23.19208065436783,38.99576386820594,68.48369626516812,107.47946013337406
3.08,88.71898282862753,48.146914073632814,23.11823797951668,-1.4900966060012877,23.166210634732305,38.90881535002685,68.46319056052772,107.37200591055458
3.09,88.95000584557741,48.13153327224043,23.086372735799458,-1.5860416161540627,23.14078940106489,38.82346972257169,68.4413196108114,107.26478933338309
3.1,89.1807104297494,48.115193682132144,23.0545514138447,-1.6818543795873921,23.115816555937318,38.73972069096157,68.41808529781777,107.15780598877933
3.11,89.41109702005834,48.09789662486338,23.02277395311243,-1.7775350785848048,23.091291680018937,38.657561980249106,68.39348950075139,107.05105148100048
3.12,89.64116605481418,48.07964342016842,22.99104029314611,-1.8730838951786097,23.067214332022093,38.576987335359796,68.36753409622722,106.94452143158702
3.13,89.87091797172255,48.060435385961824,22.95935037357254,-1.9685010111501242,23.043584048653646,38.49799052103394,68.34022095827265,106.8382114793066
3.14,90.10035320788597,48.04027383834239,22.927704134101724,-2.0637866080301848,23.020400344572423,38.42056532176828,68.31155195833314,106.73211728010142
3.15,90.32947219980424,48.0191600915939,22.89610151452679,-2.158940867099375,22.99766271235292,38.344705541758216,68.28152896527325,106.62623450703147
3.16,90.55827538337572,47.997095458189534,22.86454245472383,-2.2539639693884226,22.975370622455028,38.27040500483979,68.25015384538288,106.52055885022267
3.17,90.78676319389781,47.97408124879283,22.833026894651812,-2.348856095678528,22.953523523200076,38.19765755443219,68.21742846237875,106.41508601681093
3.18,91.01493606606799,47.95011877226085,22.801554774352482,-2.443617426501703,22.932120840753026,38.126457053480195,68.18335467740881,106.30981173088901
3.19,91.24279443398451,47.92520933564674,22.7701260339502,-2.5382481421411427,22.911161979110958,38.05679738439681,68.1479343490559,106.20473173345272
3.2,91.47033873114734,47.89935424420182,22.73874061365188,-2.6327484226314937,22.89064632009787,37.98867244900623,68.11116933334074,106.09984178234697
3.21,91.69756939045885,47.872554801378584,22.707398453746844,-2.7271184477593238,22.870573223365735,37.92207616848669,68.07306148372619,105.99513765221289
3.22,91.92448684422482,47.84481230883267,22.676099494606714,-2.821358397063335,22.850942026401945,37.85700248331374,68.03361265112001,105.89061513443374
3.23,92.15109152415504,47.81612806642573,22.6448436766853,-2.9154684498347905,22.831752044543066,37.793445353203495,67.99282468387901,105.7862700370825
3.24,92.37738386136435,47.78650337222754,22.613630940518497,-3.0094487851178116,22.813002570994957,37.73139875705613,67.950699427812,105.68209818486812
3.25,92.60336428637329,47.75593952251896,22.58246122672416,-3.10329958170972,22.794692876859294,37.67085669289964,67.90723872618402,105.57809541908367
3.2600000000000002,92.82903322910907,47.724437811793905,22.551334476001983,-3.1970210181614362,22.77682221116637,37.61181317783341,67.86244441971915,105.47425759755257
3.27,93.05439111890618,47.69199953276183,22.520250629133418,-3.290613272777705,22.759389800914366,37.55426224797245,67.816318346604,105.37058059457647
3.2800000000000002,93.27943838450746,47.658625976350805,22.48920962698152,-3.3840765236175656,22.742394851114906,37.49819795839129,67.76886234249218,105.26706030088347
3.29,93.50417545406468,47.624318431709355,22.45821141049087,-3.477410948494594,22.725836544844995,37.44361438306839,67.72007824050677,105.16369262357516
3.3000000000000003,93.72860275513956,47.58907818620892,22.427255920687436,-3.570616724977299,22.709714043305283,37.39050561483054,67.66996787124393,105.06047348607447
3.31,93.95272071470438,47.552906525446645,22.396343098678493,-3.6636940303893937,22.694026485884663,37.338865765297506,67.61853306277683,104.95739882807433
3.3200000000000003,94.17652975914307,47.515804733247734,22.36547288565247,-3.75664304181025,22.67877299023113,37.28868896482668,67.56577564065906,104.85446460548573
3.33,94.40003031425162,47.4777740916677,22.334645222878876,-3.849463936075054,22.663952652328955,37.239969362458126,67.51169742792769,104.75166679038581
3.34,94.6232228052393,47.43881588099478,22.30386005170816,-3.9421568897753474,22.64956454658205,37.19270112585952,67.45630024510683,104.64900137096635
3.35,94.84610765672922,47.39893137975281,22.27311731357162,-4.034722079259211,22.635607725903576,37.146878441271454,67.39958591021166,104.54646435148311
3.36,95.0686852927592,47.358121864703236,22.24241694998128,-4.127159680631692,22.62208122181172,37.10249551345286,67.34155623875132,104.44405175220419
3.37,95.29095613678263,47.316388610847696,22.21175890252977,-4.219469869755059,22.608984044531528,37.059546565626384,67.28221304373258,104.34175960935897
3.38,95.51292061166916,47.27373289143023,22.181143112890247,-4.311652822249201,22.596315183102927,37.01802583942427,67.2215581356629,104.23958397508717
3.39,95.73457913970564,47.23015597794014,22.15056952281625,-4.403708713491952,22.584073605494673,36.97792759483408,67.15959332255467,104.13752091738874
3.4,95.95593214259681,47.18565914011401,22.120038074141608,-4.495637718619392,22.572258258724307,36.9392461101447,67.09632040992786,104.03556652007256
3.41,96.17698004146618,47.140243645938455,22.089548708780313,-4.587440012526216,22.56086806898406,36.90197568189258,67.03174120081412,103.9337168827067
3.42,96.39772325685676,47.09391076165207,22.05910136872644,-4.679115769866016,22.549901941772553,36.86611062480792,66.96585749575951,103.83196812056742
3.43,96.61816220873199,47.04666175174836,22.028695996053997,-4.77066516505171,22.539358762032325,36.831645271761246,66.89867109282854,103.73031636458978
3.44,96.83829731647631,46.99849787897767,21.99833253291685,-4.862088372255741,22.52923739429305,36.79857397370989,66.83018378760707,103.62875776131696
3.45,97.0581289988962,46.94942040434998,21.96801092154859,-4.9533855654105565,22.519536682820448,36.76689109964494,66.7603973732062,103.52728847285114
3.46,97.27765767422088,46.89943058713732,21.93773110426243,-5.044556918208798,22.510255451770675,36.736591036537924,66.68931364026577,103.4259046768037
3.47,97.49688376010302,46.848529684875444,21.907493023451096,-5.135602604103724,22.501392505350317,36.707668189288064,66.61693437695664,103.32460256624469
3.48,97.7158076736197,46.79671895336742,21.877296621586726,-5.22652279630951,22.49294662798169,36.68011698066938,66.54326136898588,103.22337834965526
3.49,97.93442983127309,46.743999646684955,21.847141841220743,-5.317317667801589,22.484916584473535,36.65393185127814,66.46829639959863,103.12222825087676
3.5,98.1527506489912,46.69037301717128,21.81702862498376,-5.4079873913169365,22.477301120196877,36.62910725948027,66.39204124958219,103.02114850906247
3.5100000000000002,98.37077054212887,46.635840315443545,21.78695691558546,-5.498532139354495,22.470098961266093,36.605637681359134,66.31449769726943,102.92013537862857
3.52,98.58848992546835,46.58040279039497,21.7569266558145,-5.588952084175375,22.463308814724954,36.58351761066323,66.23566751854189,102.81918512920512
3.5300000000000002,98.80590921322013,46.524061689197254,21.726937788538393,-5.67924739780328,22.45692936873768,36.56274155875428,66.1555524868331,102.71829404558738
3.54,99.0230288190239,46.466818257303515,21.696990256703387,-5.769418252024835,22.450959292784773,36.54330405455522,66.0741543731329,102.61745842768812
3.5500000000000003,99.23984915594909,46.408673738449636,21.6670840033344,-5.859464818389824,22.445397237863656,36.525199644498564,65.99147494598922,102.51667459048778
3.56,99.45637063649578,46.34962937465744,21.637218971534853,-5.949387268211581,22.44024183669387,36.50842289247467,65.90751597151272,102.41593886398739
3.5700000000000003,99.67259367259561,46.28968640623691,21.607395104486603,-6.039185772567379,22.435491703926882,36.492968379780464,65.82227921337986,102.31524759316032
3.58,99.88851867561222,46.22884607178818,21.577612345449825,-6.128860502298579,22.43114543636023,36.47883070506796,65.73576643283572,102.21459713790368
3.59,100.10414605634242,46.16710960820433,21.5478706377629,-6.218411628011154,22.42720161315604,36.46600448429329,65.64797938869805,102.11398387299134
3.6,100.31947622501671,46.10447825067345,21.51816992484231,-6.307839320075857,22.423658796063663,36.45448435066553,65.55891983736018,102.0134041880257
3.61,100.53450959130014,46.04095323268115,21.48851015018253,-6.39714374862865,22.42051552964642,36.44426495459593,65.46858953279451,101.91285448739043
3.62,100.74924656429313,45.9765357860129,21.45889125735591,-6.486325083570961,22.41777034151228,36.4353409636471,65.37699022655599,101.81233119020308
3.63,100.96368755253219,45.91122714075624,21.42931319001259,-6.575383494570033,22.4154217425484,36.42770706248258,65.28412366778508,101.71183073026766
3.64,101.17783296399072,45.84502852530312,21.399775891880378,-6.66431915105926,22.413468227159306,36.42135795281628,65.18999160321125,101.61134955602753
3.65,101.39168320607983,45.77794116635266,21.37027930676464,-6.753132222238506,22.41190827350873,36.41628835336225,65.09459577715678,101.51088413051903
3.66,101.60523868564904,45.70996628891288,21.340823378548198,-6.8418228770744065,22.410740343764818,36.412492999784476,64.99793793153928,101.41043093132376
3.67,101.81849980898699,45.64110511630321,21.31140805119124,-6.93039128430064,22.40996288434876,36.40996664464696,64.90001980587525,101.3099864505222
3.68,102.0314669818225,45.571358870157155,21.28203326873117,-7.018837612418437,22.409574326186565,36.4087040573638,64.80084313728386,101.20954719464766
3.69,102.24414060932497,45.5007287704243,21.252698975282552,-7.10716202969666,22.40957308496389,36.408700024149496,64.70040966048981,101.10910968463931
3.7,102.45652109610549,45.429216035372576,21.223405115036964,-7.195364704172292,22.40995756138386,36.40994934796935,64.59872110782653,101.00867045579588
3.71,102.66860884621728,45.35682188159075,21.194151632262923,-7.2834458036506575,22.410726141427666,36.41244684849003,64.49577920923977,100.90822605772979
3.72,102.88040426315679,45.283547523990876,21.16493847130575,-7.371405495705851,22.411877196617883,36.41618736203035,64.39158569229103,100.80777305432139
3.73,103.09190774986416,45.209394175810246,21.13576557658749,-7.459243947680925,22.41340908428424,36.421165741511956,64.28614228216037,100.70730802367233
3.74,103.30311970872431,45.13436304861381,21.106632892606783,-7.546961326688319,22.41532014783192,36.427376856410476,64.17945070164984,100.60682755806032
3.75,103.51404054156737,45.05845535229679,21.077540363938773,-7.634557799610107,22.417608717012076,36.43481559270654,64.07151267118718,100.50632826389372
3.7600000000000002,103.72467064966962,44.9816722950863,21.048487935235013,-7.722033533098326,22.420273108194486,36.44347685283709,63.96232990882816,100.40580676166525
3.77,103.93501043375436,44.904015083544834,21.019475551223326,-7.809388693575357,22.423311624642285,36.453355555646795,63.85190413026151,100.30525968590831
3.7800000000000002,104.14506029399243,44.82548492257092,20.99050315670773,-7.896623447234134,22.42672255678848,36.464446636339474,63.74023704880986,100.20468368514933
3.79,104.35482063000309,44.74608301540292,20.961570696568327,-7.983737960038546,22.43050418251432,36.47674504642995,63.627330375435136,100.10407542186508
3.8000000000000003,104.56429184085489,44.66581056362054,20.932678115761185,-8.07073239772373,22.43465476742922,36.49024575369575,63.51318581874075,100.00343157243651
3.81,104.77347432506619,44.58466876714715,20.903825359318244,-8.157606925796365,22.43917256515216,36.50494374212911,63.39780508497481,99.90274882710392
3.8200000000000003,104.98236848060616,44.50265882425242,20.875012372347214,-8.24436170953502,22.444055817594474,36.52083401188898,63.28118987803397,99.80202388992295
3.83,105.1909747048953,44.419781931553985,20.84623910003147,-8.330996913990411,22.44930275524384,36.5379115792534,63.163341899465706,99.70125347871911
3.84,105.39929339480648,44.336039284020785,20.81750548762993,-8.417512703985828,22.454911597449343,36.556171476571706,63.044262848473146,99.60043432504486
3.85,105.60732494666537,44.25143207497376,20.78881148047698,-8.503909244117281,22.46088055270752,36.575608752217114,62.923954421916,99.49956317413312
3.86,105.81506975625153,44.16596149609006,20.760157023982334,-8.590186698754003,22.467207818949227,36.59621847053936,62.802418314316576,99.39863678485594
3.87,106.02252821879885,44.079628737403254,20.731542063630982,-8.676345232038592,22.47389158382721,36.617995711817414,62.67965621786006,99.29765192967747
3.88,106.22970072899648,43.99243498730726,20.702966544983035,-8.762385007887417,22.480930025004238,36.64093557221243,62.55566982240013,99.19660539461256
3.89,106.43658768098963,43.904381432557955,20.674430413673633,-8.848306189990964,22.488321310441687,36.665033163720764,62.43046081546119,99.09549397918195
3.9,106.6431894683801,43.81546925827507,20.645933615412876,-8.93410894181401,22.49606359868847,36.69028361412713,62.304030882241165,98.9943144963683
3.91,106.84950648422732,43.72569964794519,20.617476095985676,-9.019793426596088,22.50415503917014,36.71668206695799,62.17638170561564,98.89306377257364
3.92,107.05553912104877,43.63507378342314,20.58905780125168,-9.105359807351675,22.512593772478063,36.7442236814348,62.047514966139936,98.79173864757473
3.93,107.2612877708211,43.54359284493552,20.560678677145155,-9.190808246870624,22.521377930658605,36.77290363242785,61.91743234205409,98.69033597448194
3.94,107.46675282498046,43.45125801108128,20.532338669674896,-9.276138907718313,22.53050563750207,36.80271711040966,61.786135509283675,98.58885261969334
3.95,107.67193467442365,43.358070458835584,20.504037724924114,-9.361351952236149,22.53997500883146,36.83365932140914,61.65362614144529,98.48728546285443
3.96,107.87683370950855,43.26403136355066,20.475775789050335,-9.446447542541677,22.54978415279072,36.86572548696524,61.51990590984778,98.38563139681301
3.97,108.08145032005503,43.16914189895914,20.4475528082853,-9.531425840529053,22.559931170132614,36.89891084408128,61.384976483497,98.28388732757827
3.98,108.28578489534561,43.07340323717551,20.419368728934877,-9.616287007869246,22.57041415450586,36.93321064517908,61.24883952909784,98.18205017427692
3.99,108.48983782412637,42.97681654869905,20.39122349737891,-9.701031206010427,22.58123119274159,36.96862015805332,61.11149671105842,98.08011686911175
4.0,108.69360949460734,42.879383002415125,20.36311706007119,-9.785658596178159,22.59238036513899,37.005134665826034,60.97294969149196,97.978084357318
4.01,108.89710029446368,42.78110376559869,20.33504936353928,-9.870169339375884,22.60385974574995,37.042749466901284,60.833200130221705,97.875949597123
4.0200000000000005,109.10031061083608,42.68198000391499,20.30702035438447,-9.954563596385036,22.61566740266268,37.0814598749198,60.69224968478196,97.77370955970176
4.03,109.30324083033152,42.58201288142294,20.279029979281646,-10.038841527765449,22.627801398284188,37.121261218713904,60.5501000104229,97.6713612291368
4.04,109.50589133902433,42.48120356057723,20.251078184979193,-10.123003293855682,22.64025978962152,37.162148842262596,60.40675276011352,97.56890160237612
4.05,109.70826252245654,42.37955320222983,20.223164918298888,-10.207049054773286,22.653040628561612,37.20411810464657,60.26220958454383,97.4663276891904
4.0600000000000005,109.91035476563871,42.27706296563275,20.195290126135827,-10.290978970415068,22.666141962149723,37.247164380003525,60.11647213212874,97.36363651213227
4.07,110.11216845305086,42.17373400844008,20.16745375545829,-10.374793200457468,22.67956183286633,37.29128305748352,59.96954204901098,97.26082510649451
4.08,110.31370396864295,42.06956748671064,20.139655753307657,-10.458491904356848,22.69329827890243,37.3364695412046,59.82142097906487,97.15789052026946
4.09,110.51496169583578,41.96456455490926,20.1118960667983,-10.542075241349764,22.707349334433044,37.38271925020832,59.67211056389812,97.05482981410644
4.1,110.71594201752167,41.85872636591,20.08417464311749,-10.6255433704533,22.721713029889,37.430027618415494,59.52161244285644,96.95164006127193
4.11,110.9166453160651,41.75205407099713,20.05649142952529,-10.708896450465339,22.736387392226817,37.47839009458227,59.369928253024874,96.84831834760715
4.12,111.11707197330357,41.64454881986899,20.02884637335447,-10.792134639964893,22.75137044519658,37.52780214225592,59.21705962923338,96.7448617714893
4.13,111.31722237054827,41.536211760638366,20.00123942201037,-10.875258097312397,22.766660209607835,37.578259239731196,59.063008204057304,96.64126744378851
4.14,111.51709688858479,41.42704403983612,19.973670522970853,-10.95826698065001,22.7822547035933,37.629756880006425,58.90777560782253,96.53753248782895
4.15,111.71669590767387,41.317046802412335,19.946139623786152,-11.041161447901906,22.798151942870444,37.68229057074003,58.751363468607146,96.43365403934718
4.16,111.9160198075521,41.206221191739246,19.91864667207881,-11.12394165677459,22.814349941000756,37.73585583420699,58.593773412245596,96.32962924645258
4.17,112.11506896743266,41.0945683496131,19.89119161554356,-11.20660776475718,22.830846709646714,37.790448207255494,58.43500706233132,96.22545526958682
4.18,112.31384376600609,40.982089416256144,19.863774401947225,-11.289159929121745,22.847640258826335,37.846063241263785,58.2750660402196,96.12112928148338
4.19,112.51234458144089,40.8687855303192,19.83639497912863,-11.371598306923545,22.864728597165243,37.90269650209689,58.113951965031184,96.01664846712808
4.2,112.7105717913843,40.75465782888341,19.809053294998506,-11.453923055001376,22.882109732146272,37.96034357006378,57.951666453654816,95.9120100237186
4.21,112.90852577296306,40.6397074474628,19.781749297539367,-11.536134329977834,22.89978167035643,38.01900003987444,57.788211120750844,95.80721116062529
4.22,113.10620690278414,40.52393552000609,19.754482934805427,-11.61823228825967,22.917742417731255,38.07866152059718,57.62358757875381,95.702249099351
4.23,113.30361555693536,40.40734317889934,19.7272541549225,-11.700217086038045,22.935989979796457,38.139323635615945,57.45779743787621,95.59712107349216
4.24,113.5007521109861,40.289931554967154,19.700062906087915,-11.782088879288786,22.954522361906847,38.2009820225879,57.29084230611019,95.4918243286981
4.25,113.69761693998812,40.17170177747602,19.672909136570393,-11.863847823772758,22.97333756948242,38.26363233340095,57.122723789232346,95.38635612263329
4.26,113.89421041847633,40.05265497413575,19.64579279470995,-11.945494075036166,22.99243360824168,38.3272702341316,56.953443490805704,95.2807137249373
4.2700000000000005,114.09053292046924,39.93279227110156,19.618713828917826,-12.02702778841077,23.011808484431995,38.39189140500278,56.783003012182725,95.1748944171855
4.28,114.28658481946987,39.81211479297673,19.59167218767636,-12.108449119014239,23.031460205057083,38.45749154034178,56.61140395250905,95.06889549285083
4.29,114.48236648846643,39.69062366281412,19.5646678195389,-12.18975822175043,23.051386778101513,38.524066348538405,56.43864790872573,94.96271425726414
4.3,114.67787829993306,39.56832000211898,19.537700673129713,-12.270955251309715,23.07158621275223,38.591611552003265,56.26473647557311,94.85634802757637
4.3100000000000005,114.87312062583042,39.445204930850196,19.510770697143865,-12.352040362169213,23.09205651961698,38.66012288712591,56.08967124559269,94.74979413271859
4.32,115.06809383760657,39.32127956742369,19.48387784034716,-12.43301370859313,23.112795710939768,38.729596104233586,55.913453809131944,94.64304991336553
4.33,115.26279830619745,39.19654502871299,19.457022051576004,-12.513875444633037,23.133801800813124,38.80002696754958,55.73608575434509,94.53611272189467
4.34,115.45723440202784,39.07100243005283,19.430203279737327,-12.594625724128178,23.1550728053873,38.87141125515201,55.55756866719824,94.42897992235025
4.3500000000000005,115.65140249501188,38.94465288524009,19.403421473808493,-12.675264700705739,23.176606743076295,38.943744758932695,55.37790413147075,94.32164889040345
4.36,115.84530295455386,38.81749750653694,19.376676582837188,-12.755792527781168,23.19840163476072,39.01702328455599,55.19709372875966,94.21411701331564
4.37,116.03893614954887,38.68953740467208,19.349968555941324,-12.836209358558428,23.22045550398745,39.09124265141792,55.01513903848147,94.1063816898994
4.38,116.23230244838355,38.56077368884348,19.323297342308955,-12.916515346030337,23.24276637716607,39.16639869260531,54.83204163787605,93.99844033048137
4.39,116.42540221893678,38.43120746671991,19.296662891198164,-12.996710642978812,23.2653322837621,39.242487254855064,54.64780310200877,93.89029035686383
4.4,116.61823582858037,38.30083984444377,19.27006515193698,-13.076795401975211,23.288151256486977,39.31950419851365,54.4624250037746,93.78192920228824
4.41,116.81080364417966,38.16967192663236,19.243504073923283,-13.156769775380532,23.311221331484727,39.39744539749647,54.27590891389983,93.67335431139631
4.42,117.00310603209451,38.03770481638088,19.216979606624683,-13.236633915345841,23.334540548515474,39.476306739247676,54.08825640094642,93.5645631401941
4.43,117.19514335817964,37.90493961526374,19.19049169957846,-13.316387973812446,23.358106951135543,39.55608412469977,53.89946903131379,93.45555315601356
4.44,117.38691598778561,37.77137742333713,19.164040302391427,-13.396032102512237,23.381918586874374,39.63677346823354,53.709548369242505,93.34632183747604
4.45,117.5784242857593,37.63701933914098,19.137625364739886,-13.475566452967932,23.40597350740811,39.71837069763804,53.518495976817086,93.23686667445513
4.46,117.7696686164447,37.50186645970092,19.111246836369485,-13.554991176493438,23.430269768729886,39.80087175407068,53.32631341396877,93.12718516803945
4.47,117.96064934368364,37.3659198805305,19.08490466709515,-13.634306424194065,23.454805431316835,39.884272592017396,53.13300223847863,93.01727483049604
4.48,118.15136683081649,37.229180695633374,19.058598806800962,-13.71351234696688,23.479578560293795,39.96856917925308,52.93856400598078,92.90713318523386
4.49,118.34182144068276,37.09164999750527,19.032329205440096,-13.792609095500936,23.504587225593713,40.05375749680188,52.74300026996508,92.79675776676696
4.5,118.5320135356218,36.9533288771359,19.00609581303471,-13.871596820277574,23.52982950211477,40.13983353889781,52.54631258177989,92.6861461206777
4.51,118.72194347747357,36.814218424011244,18.979898579675847,-13.950475671570722,23.555303469874207,40.22679331294542,52.348502490635326,92.57529580358074
4.5200000000000005,118.91161162757936,36.674319726115925,18.953737455523324,-14.029245799447231,23.58100721415893,40.31463283948062,52.14957154360663,92.46420438308726
4.53,119.1010183467822,36.53363386993419,18.92761239080569,-14.107907353766997,23.60693882567272,40.40334815213142,51.94952128563556,92.35286943776698
4.54,119.29016399542789,36.392161940453434,18.90152333582008,-14.186460484183442,23.633096400680326,40.49293529757908,51.748353259535406,92.24128855711449
4.55,119.47904893336559,36.24990502116543,18.87547024093212,-14.264905340143713,23.65947804114822,40.58339033551917,51.546069005992734,92.1294593415119
4.5600000000000005,119.6676735199483,36.10686419406795,18.849453056575886,-14.343242070888891,23.6860818548821,40.67470933862269,51.342670063569685,92.01737940219238
4.57,119.85603811403385,35.96304053966816,18.82347173325374,-14.421470825454435,23.712905955661277,40.76688839249761,51.13815796870882,91.90504636120643
4.58,120.04414307398538,35.81843513698334,18.797526221536287,-14.499591752670327,23.739948463369704,40.85992359565009,50.932534255734154,91.79245785138424
4.59,120.23198875767206,35.67304906354383,18.771616472062263,-14.577605001161423,23.767207504123952,40.953811059446224,50.725800456855296,91.67961151630152
4.6000000000000005,120.41957552246981,35.526883395394464,18.745742435538435,-14.655510719347724,23.794681210397894,41.04854690807353,50.51795810216954,91.56650501024308
4.61,120.60690372526189,35.37993920709715,18.719904062739527,-14.733309055444643,23.822367721144325,41.14412727850288,50.30900871966549,91.45313599816836
4.62,120.7939737224398,35.23221757173252,18.69410130450809,-14.811000157463312,23.85026518191337,41.240548320450216,50.098953835225444,91.33950215567566
4.63,120.98078586990361,35.08371956090201,18.66833411175446,-14.88858417321083,23.878371744967854,41.33780619633874,49.88779497262835,91.22560116896709
4.64,121.16734052306305,34.934446244730395,18.64260243545661,-14.966061250290608,23.906685569395492,41.43589708126084,49.675533653553366,91.1114307348142
4.65,121.35363803683778,34.78439869186707,18.616906226660095,-15.043431536102567,23.93520482121807,41.53481716294039,49.46217139758173,90.99698856052211
4.66,121.5396787656583,34.633577969488556,18.591245436477955,-15.120695177843459,23.96392767349753,41.634562641695,49.24770972220031,90.88227236389531
4.67,121.72546306346663,34.48198514330045,18.565620016090598,-15.197852322507167,23.992852306439108,41.73512973039853,49.03215014280436,90.7672798732029
4.68,121.91099128371692,34.329621277539445,18.54002991674573,-15.274903116884957,24.021976907491368,41.83651465444351,48.81549417270041,90.65200882714393
4.69,122.09626377937607,34.17648743497506,18.51447508975826,-15.351847707565739,24.051299671443342,41.938713651703864,48.59774332310872,90.53645697481258
4.7,122.28128090292454,34.02258467691246,18.488955486510196,-15.428686240936408,24.08081880051872,42.041722972497645,48.37889910316731,90.42062207566497
4.71,122.46604300635688,33.86791406319338,18.463471058450562,-15.50541886318205,24.110532504467074,42.14553887954984,48.158963019933225,90.30450189948306
4.72,122.65055044118255,33.7124766521992,18.4380217570953,-15.582045720286303,24.140439000652254,42.2501576479554,47.93793657838694,90.18809422634234
4.73,122.83480355842643,33.55627350085217,18.412607534027178,-15.65856695803155,24.170536514137865,42.3555755651422,47.715821281434124,90.07139684657633
4.74,123.01880270862954,33.39930566461783,18.387228340895714,-15.734982721999216,24.20082327776996,42.461788930834295,47.49261862990903,89.95440756074333
4.75,123.20254824184983,33.24157419750679,18.361884129417053,-15.811293157570113,24.231297532256942,42.5687940570152,47.26833012257709,89.83712417959228
4.76,123.38604050766266,33.08308015207717,18.336574851373904,-15.887498409924639,24.261957526246636,42.67658726789119,47.042957256138294,89.71954452402949
4.7700000000000005,123.56927985516158,32.9238245794358,18.31130045861543,-15.96359862404308,24.292801516400694,42.785164899854884,46.81650152522899,89.60166642508388
4.78,123.75226663295896,32.76380852924103,18.286060903057173,-16.03959394470587,24.323827767466234,42.8945233014487,46.588964422425825,89.48348772387453
4.79,123.93500118918668,32.60303304970461,18.260856136680935,-16.11548451649395,24.3550345523449,43.00465883332876,46.36034743824842,89.36500627157719
4.8,124.11748387149667,32.4414991875928,18.23568611153473,-16.19127048378887,24.386420152159136,43.1155678682284,46.130652061160994,89.2462199293894
4.8100000000000005,124.29971502706184,32.2792079882297,18.21055077973264,-16.26695199077328,24.417982856316033,43.227246790922415,45.89987977757705,89.12712656849946
4.82,124.48169500257642,32.11616049549849,18.185450093454765,-16.34252918143104,24.44972096256845,43.33969199819078,45.668032071861134,89.00772407005192
4.83,124.66342414425682,31.95235775184301,18.160384004947122,-16.418002199547516,24.481632777073642,43.45289989878277,45.43511042633113,88.8880103251139
4.84,124.84490279784228,31.78780079827061,18.135352466521542,-16.49337118870995,24.51371661444948,43.56686691338139,45.20111632126226,88.76798323464365
4.8500000000000005,125.02613130859544,31.62249067435397,18.11035543055559,-16.56863629230765,24.545970797828073,43.68158947456756,44.96605123488973,88.64764070945729
4.86,125.20711002130307,31.456428418232406,18.085392849492468,-16.643797653532268,24.578393658906993,43.797064026784454,44.729916643410526,88.52698067019497
4.87,125.38783928027665,31.289615066614545,18.06046467584094,-16.718855415378073,24.610983537998134,43.9132870263021,44.49271402098724,88.40600104728935
4.88,125.56831942935317,31.122051654780137,18.035570862175213,-16.793809720642294,24.643738784074205,44.03025494118203,44.25444483975069,88.28469978093273
4.89,125.74855081189558,30.95373921658171,18.01071136113488,-16.86866071192526,24.676657754812823,44.14796425124187,44.01511056980219,88.16307482104406
4.9,125.92853377079362,30.784678784446783,17.985886125424805,-16.9434085316308,24.70973881663843,44.26641144802038,43.774712679216776,88.04112412723715
4.91,126.10826864846439,30.6148713893802,17.961095107815044,-17.01805332196644,24.742980344761836,44.385593034742115,43.53325263404646,87.91884566878858
4.92,126.28775578685303,30.444318060965315,17.93633826114075,-17.0925952249437,24.77638072321762,44.505505526282654,43.290731898321994,87.79623742460464
4.93,126.46699552743331,30.273019827366454,17.91161553830209,-17.167034382378333,24.8099383448993,44.62614544913358,43.04715193405627,87.67329738318985
4.94,126.6459882112084,30.100977715330828,17.886926892264146,-17.241370935890664,24.8436516115924,44.74750934136787,42.80251420124711,87.55002354261498
4.95,126.82473417871138,29.928192750190306,17.86227227605684,-17.31560502690577,24.87751893400532,44.869593752605006,42.55682015787979,87.4264139104848
4.96,127.00323377000595,29.754665955863572,17.83765164277483,-17.3897367966538,24.911538731798217,44.992395243976496,42.31007125993007,87.30246650390657
4.97,127.18148732468714,29.580398354857948,17.813064945577423,-17.46376638617027,24.945709433609817,45.115910388091514,42.06226896136681,87.17817934945833
4.98,127.35949518188187,29.40539096827149,17.788512137688496,-17.53769393629627,24.98002947708217,45.240135769002315,41.81341471415494,87.05355048315725
4.99,127.53725768024957,29.229644815794472,17.7639931723964,-17.611519587678757,25.01449730888347,45.365067982170025,41.56350996825757,86.9285779504276
5.0,127.71477515798293,29.05316091571217,17.739508003053867,-17.68524348077085,25.049111384729002,45.4907036344306,41.31255617163996,86.80325980607057
5.01,127.89204795280851,28.875940284905766,17.715056583077924,-17.75886575583204,25.083870169400026,45.61703934396044,41.06055477027081,86.67759411423125
5.0200000000000005,128.0690764019873,28.697983938855373,17.690638865949815,-17.832386552928533,25.118772136760995,45.74407174024274,40.80750720812652,86.55157894836927
5.03,128.24586084231547,28.519292891640873,17.666254805214894,-17.905806011933436,25.15381576977477,45.871797464033314,40.55341492719244,86.42521239122576
5.04,128.42240161012495,28.339868155944828,17.641904354482552,-17.979124272527066,25.18899956051614,46.00021316732697,40.29827936746697,86.29849253479394
5.05,128.59869904128405,28.15971074305338,17.617587467426127,-18.052341474197227,25.224322010183574,46.12931551332378,40.04210196696284,86.17141748028662
5.0600000000000005,128.77475347119818,27.978821662859502,17.5933040977828,-18.125457756239456,25.259781629109188,46.25910117639545,39.78488416171176,86.0439853381072
5.07,128.95056523481043,27.797201923863724,17.569054199353523,-18.198473257757264,25.29537693676708,46.38956684205177,39.52662738576543,85.9161942278172
5.08,129.12613466660213,27.614852533176247,17.54483772600294,-18.27138811766246,25.33110646178001,46.52070920690739,39.26733307119856,85.78804227810595
5.09,129.30146210059382,27.431774496520006,17.520654631659262,-18.344202474675384,25.366968741924403,46.6525249786483,39.00700264811319,85.6595276267615
5.1000000000000005,129.47654787034534,27.247968818230675,17.496504870314222,-18.416916467325137,25.402962324133796,46.78501087599868,38.74563754463876,85.53064842063745
5.11,129.65139230895693,27.06343650126024,17.472388396022968,-18.4895302339499,25.439085764500767,46.91816362868785,38.48323918693714,85.40140281562499
5.12,129.8259957490697,26.878178547177924,17.448305162903967,-18.56204391269717,25.47533762827726,47.05197997741714,38.21980899920394,85.27178897662108
5.13,130.00035852286618,26.692195956172668,17.424255125138934,-18.63445764152403,25.511716489873507,47.186456673827074,37.9553484036721,85.14180507749917
5.14,130.17448096207113,26.505489727054623,17.400238236972736,-18.706771558197396,25.548220932855404,47.321590480464344,37.68985882061393,85.01144930107827
5.15,130.348363397952,26.318060857257308,17.376254452713304,-18.778985800294322,25.58484954994058,47.45737817074936,37.42334166834424,84.8807198390936
5.16,130.52200616131964,26.12991034283931,17.35230372673156,-18.85110050520219,25.62160094299293,47.59381652894328,37.155798363222736,84.74961489216602
5.17,130.69540958252898,25.941039178486562,17.32838601346131,-18.923115810119043,25.658473723015927,47.730902350115656,36.887230319657256,84.6181326697729
5.18,130.86857399147956,25.751448357513652,17.30450126739916,-18.9950318520538,25.6954665101445,47.86863244011192,36.61763895010563,84.48627139021755
5.19,131.0414997176162,25.561138871866035,17.28064944310445,-19.06684876782655,25.732577933635703,48.007003615521036,36.34702566507883,84.35402928059986
5.2,131.21418708992962,25.37011171212214,17.25683049519915,-19.13856669406878,25.76980663185803,48.14601270364317,36.07539187314397,84.22140457678714
5.21,131.38663643695708,25.1783678674949,17.233044378367776,-19.210185767223642,25.80715125227957,48.28565654245753,35.80273898092648,84.08839552338401
5.22,131.55884808678303,24.985908325833748,17.2092910473573,-19.281706123546236,25.844610451454916,48.42593198059031,35.52906839311294,83.95500037370326
5.23,131.73082236703968,24.792734073626434,17.185570456977075,-19.353127899103868,25.882182895010917,48.566835877282685,35.254381512453655,83.82121738973635
5.24,131.90255960490754,24.59884609600124,17.161882562098743,-19.424451229776245,25.919867257631253,48.70836510235879,34.97867973976582,83.6870448421246
5.25,132.0740601271164,24.404245376728227,17.138227317656145,-19.49567625125583,25.95766222303996,48.8505165361941,34.70196447393531,83.55248101012941
5.26,132.24532425994545,24.208932898221747,17.114604678645243,-19.566803099048037,25.995566483983794,48.99328706968356,34.424237111920206,83.41752418160377
5.2700000000000005,132.4163523292243,24.01290964154191,17.091014600124023,-19.637831908471497,26.03357874221356,49.136673604209946,34.1454990487529,83.28217265296286
5.28,132.58714466033328,23.816176586396352,17.06745703721244,-19.70876281465833,26.071697708464466,49.28067305161247,33.86575167754265,83.14642472915511
5.29,132.7577015782045,23.618734711142963,17.04393194509227,-19.77959595255441,26.10992210243538,49.425282334155156,33.584996389479365,83.01027872363451
5.3,132.9280234073219,23.42058499279034,17.02043927900711,-19.85033145691957,26.14825065276717,49.57049838449556,33.30323457383437,82.87373295832992
5.3100000000000005,133.09811047172244,23.22172840700108,16.99697899426221,-19.92096946232794,26.186682097020103,49.7163181456535,33.02046761796498,82.73678576361849
5.32,133.2679630949962,23.022165928092477,16.97355104622445,-19.99151010316813,26.225215181650285,49.862738570979886,32.73669690731557,82.59943547829545
5.33,133.43758160028736,22.821898529038947,16.95015539032222,-20.06195351364351,26.263848661985215,50.00975662412554,32.45192382542096,82.46168044954649
5.34,133.6069663102947,22.620927181473974,16.926791982045348,-20.132299827772478,26.302581302198504,50.15736927901027,32.16614975390925,82.32351903291952
5.3500000000000005,133.7761175472722,22.419252855691866,16.903460776945003,-20.20254917938874,26.341411875283733,50.30557351979206,31.87937607250424,82.1849495922963
5.36,133.94503563302956,22.21687652064901,16.880161730633642,-20.27270170214146,26.38033916302741,50.45436634083594,31.591604159027273,82.04597049986322
5.37,134.11372088893307,22.013799143966992,16.856894798784886,-20.34275752949565,26.419361955981316,50.60374474668358,31.30283538940166,81.90658013608524
5.38,134.2821736359059,21.81002169193289,16.833659937133454,-20.412716794732326,26.458479053433873,50.75370575202243,31.01307113765308,81.7667768896755
5.39,134.45039419442904,21.60554512950239,16.810457101475095,-20.482579630948806,26.497689263380934,50.904246381655256,30.722312775914013,81.62655915756926
5.4,134.6183828845416,21.40037042030093,16.78728624766647,-20.55234617105895,26.536991402495747,51.05536367046965,30.430561674425395,81.48592534489505
5.41,134.78614002584158,21.19449852662575,16.764147331625086,-20.622016547793415,26.576384296098254,51.20705466340759,30.137819201539486,81.34487386494708
5.42,134.95366593748656,20.987930409447756,16.74104030932923,-20.691590893699896,26.61586677812373,51.35931641543521,29.84408672372257,81.20340313915779
5.43,135.1209609381941,20.780667028413234,16.717965136817845,-20.76106934114341,26.655437691090757,51.51214599151257,29.549365605557348,81.06151159706991
5.44,135.28802534624253,20.572709341845894,16.694921770190472,-20.83045202230653,26.69509588606855,51.66554046656356,29.253657209745885,80.91919767630945
5.45,135.4548594794714,20.36405830674812,16.671910165607184,-20.8997390691896,26.73484022264368,51.81949692544576,28.956962897111357,80.77645982255711
5.46,135.62146365528218,20.154714878803475,16.64893027928845,-20.968930613611036,26.77466956888622,51.974012462920534,28.65928402660162,80.63329648952215
5.47,135.78783819063898,19.944680012378683,16.625982067515103,-21.0380267872076,26.814582801315375,52.12908418362338,28.36062195529204,80.48970613891541
5.48,135.95398340206881,19.733954660523978,16.603065486628232,-21.10702772143454,26.854578804864392,52.2847092020337,28.06097803838598,80.34568724041968
5.49,136.11989960566245,19.522539774976735,16.5801804930291,-21.175933547565975,26.894656472845174,52.440884642445575,27.76035362921996,80.20123827166553
5.5,136.2855871170752,19.31043630616267,16.557327043179072,-21.244744396695054,26.934814706912224,52.59760763893789,27.45875007926537,80.05635771820326
5.51,136.45104625152698,19.097645203196578,16.534505093599517,-21.31346039973421,26.97505241702612,52.754875335344735,27.156168738129516,79.91104407347424
5.5200000000000005,136.61627732380333,18.884167413885734,16.51171460087174,-21.382081687415486,27.01536852141665,52.91268488522635,26.852610953560465,79.76529583878681
5.53,136.78128064825603,18.670003884730818,16.48895552163689,-21.450608390290675,27.055761946545292,53.0710334518393,26.54807807144834,79.61911152328764
5.54,136.9460565388034,18.455155560928006,16.46622781259587,-21.51904063873166,27.096231627067453,53.22991820810756,26.242571435828317,79.47248964393589
5.55,137.11060530893113,18.239623386370454,16.44353143050929,-21.587378562930603,27.136776505794174,53.38933633659314,25.93609238888272,79.32542872547586
5.5600000000000005,137.2749272716928,18.02340830365017,16.420866332197328,-21.65562229290024,27.177395533653506,53.54928502946709,25.628642270943686,79.17792730041077
5.57,137.4390227397106,17.806511254060354,16.398232474539707,-21.723771958474053,27.21808766965145,53.70976148848034,25.32022242049649,79.02998390897683
5.58,137.60289202517555,17.588933177596402,16.37562981447557,-21.791827689306615,27.258851880832612,53.87076292493494,25.01083417418098,78.88159709911592
5.59,137.76653543984872,17.370675012958486,16.353058309003412,-21.859789614873783,27.29968714224046,54.03228655965516,24.70047886679525,78.73276542645041
5.6000000000000005,137.92995329506115,17.151737697552107,16.33051791518101,-21.927657864472927,27.340592436877248,54.19432962295863,24.389157831296405,78.58348745425504
5.61,138.09314590171488,16.932122167491684,16.308008590125322,-21.99543256722321,27.38156675566365,54.35688935462769,24.076872398805683,78.43376175343337
5.62,138.25611357028347,16.71182935760072,16.285530291012414,-22.063113852065825,27.422609097398112,54.519963003880875,23.76362389860869,78.28358690248956
5.63,138.41885661081238,16.49086020141425,16.26308297507739,-22.130701847764243,27.463718468715918,54.68354782934436,23.44941365815886,78.13296148750322
5.64,138.58137533291992,16.269215631180714,16.240666599614286,-22.19819668290443,27.504893884047913,54.84764109902338,23.134243003080158,77.98188410210354
5.65,138.7436700457974,16.046896577863208,16.218281121976005,-22.265598485895147,27.54613436557913,55.01224009027412,22.81811325716882,77.83035334744294
5.66,138.9057410582102,15.8239039711425,16.195926499574245,-22.33290738496813,27.587438943207022,55.17734208977521,22.501025742397662,77.67836783217287
5.67,139.06758867849788,15.600238739416739,16.173602689879388,-22.400123508178382,27.628806654499567,55.342944393499664,22.182981778915664,77.52592617241532
5.68,139.22921321457522,15.375901809805498,16.151309650420444,-22.467246983404408,27.670236544653157,55.50904430668678,21.863982685053713,77.37302699174049
5.69,139.3906149739324,15.1508941081496,16.12904733878497,-22.53427793834844,27.71172766645024,55.67563914381402,21.54402977732436,77.21966892113838
5.7,139.5517942636358,14.925216559014245,16.106815712618985,-22.601216500536665,27.75327908021682,55.84272622856904,21.22312437042627,77.06585059899531
5.71,139.7127513903287,14.69887008569026,16.084614729626864,-22.66806279731955,27.794889853779814,56.010302893822015,20.901267777245984,76.911570671068
5.72,139.8734866602315,14.471855610195348,16.062444347571308,-22.734816955871977,27.836559062424172,56.178366481597614,20.57846130885972,76.75682779045734
5.73,140.03400037914264,14.244174053276879,16.040304524273218,-22.80147910319357,27.87828578884995,56.3469143430475,20.254706274537316,76.60162061758481
5.74,140.19429285243908,14.015826334412793,16.01819521761164,-22.86804936610887,27.920069123129135,56.5159438384224,19.930003981743535,76.44594782016594
5.75,140.35436438507676,13.786813371813878,15.996116385523683,-22.934527871267633,27.96190816266249,56.68545233704491,19.60435573614129,76.2898080731862
5.76,140.51421528159142,13.557136082425018,15.974067986004421,-23.00091474514504,28.00380201213617,56.85543721728183,19.277762841593425,76.13320005887526
5.7700000000000005,140.67384584609894,13.326795381927582,15.952049977106832,-23.06721011404194,28.045749783478296,57.02589586651678,18.950226600166115,75.9761224666829
5.78,140.83325638229599,13.095792184740333,15.930062316941719,-23.133414104085084,28.087750595815415,57.19682568112286,18.621748312130148,75.81857399325301
5.79,140.99244719346075,12.864127404022213,15.908104963677616,-23.199526841227396,28.12980357542894,57.368224066435566,18.292329275964892,75.66055334240046
5.8,141.1514185824533,12.631801951672855,15.886177875540714,-23.265548451248186,28.171907855711442,57.54008843672546,17.961970788359025,75.50205922508448
5.8100000000000005,141.31017085171626,12.39881673833554,15.864281010814786,-23.331479059753384,28.21406257712294,57.71241621517117,17.63067414421474,75.34309035938591
5.82,141.46870430327542,12.16517267339799,15.842414327841109,-23.397318792175795,28.256266887147138,57.88520483383236,17.298440636648866,75.18364547048122
5.83,141.62701923874027,11.930870664994814,15.820577785018374,-23.46306777377535,28.298519940247623,58.05845173362293,16.96527155699635,75.02372329061927
5.84,141.78511595930448,11.69591162000836,15.79877134080262,-23.52872612963928,28.34082089782398,58.23215436428389,16.63116819481147,74.86332255909537
5.8500000000000005,141.9429947657467,11.460296444071332,15.776994953707138,-23.594293984682466,28.38316892816804,58.40631018435696,16.296131837871556,74.70244202222852
5.86,142.10065595843093,11.224026041568266,15.75524858230242,-23.65977146364755,28.42556320641991,58.580916661157566,15.960163772179085,74.54108043333665
5.87,142.25809983730713,10.987101315636664,15.733532185216045,-23.72515869110527,28.468002914524178,58.75597127074838,15.6232652819633,74.37923655271169
5.88,142.4153267019119,10.749523168169844,15.71184572113263,-23.79045579145466,28.510487241186045,58.93147149791284,15.285437649684255,74.2169091475971
5.89,142.57233685136893,10.511292499817216,15.69018914879373,-23.85566288892327,28.553015381827457,59.10741483612846,14.94668215603321,74.05409699216167
5.9,142.7291305843896,10.27241020998747,15.668562426997777,-23.92078010756743,28.595586538543323,59.283798787540704,14.607000079937173,73.89079886747788
5.91,142.88570819927352,10.032877196848972,15.64696551459999,-23.98580757127248,28.638199920057712,59.46062086293653,14.266392698559448,73.72701356149598
5.92,143.04206999390928,9.79269435733272,15.6253983705123,-24.05074540375299,28.680854741680104,59.63787858171816,13.924861287303852,73.56273986902201
5.93,143.1982162657747,9.55186258713286,15.603860953703277,-24.115593728553016,28.723550225261697,59.81556947187701,13.582407119815434,73.39797659169244
5.94,143.3541473119377,9.310382780709404,15.582353223198036,-24.18035266904632,28.766285599151757,59.99369106996751,13.23903146798436,73.23272253795187
5.95,143.50986342905662,9.068255831288923,15.560875138078185,-24.245022348436613,28.809060098154028,60.17224092108116,12.894735601946877,73.06697652302805
5.96,143.66536491338098,8.825482630867498,15.539426657481721,-24.309602889757784,28.851872963483213,60.35121657882059,12.549520790089527,72.90073736891011
5.97,143.82065206075197,8.58206407021106,15.518007740602966,-24.374094415874147,28.894723442721524,60.53061560527365,12.203388299049617,72.73400390432327
5.98,143.97572516660293,8.338001038858295,15.496618346692484,-24.438497049480667,28.937610789775327,60.710435570987805,11.856339393719354,72.56677496470716
5.99,144.13058452596005,8.093294425121371,15.475258435057022,-24.50281091310316,28.980534264831817,60.8906740549441,11.50837533724689,72.39904939219099
6.0,144.28523043344285,7.847945116088226,15.453927965059394,-24.567036129098597,29.02349313431587,61.071328644531825,11.159497391039556,72.23082603557138
6.01,144.43966318326474,7.601953997624264,15.43262689611844,-24.63117281965527,29.06648667084694,61.252396935522896,10.809706814766287,72.06210375028918
6.0200000000000005,144.59388306923367,7.35532195437321,15.411355187708939,-24.69522110679307,29.109514153196052,61.433876532046284,10.459004866358834,71.89288139840512
6.03,144.74789038475248,7.108049869760293,15.390112799361514,-24.75918111236369,29.152574866242915,61.61576504656261,10.107392802016292,71.7231578485789
6.04,144.90168542281972,6.860138625992249,15.368899690662586,-24.823052958050866,29.195668100933162,61.79806009983884,9.754871876205097,71.55293197604394
6.05,145.05526847603002,6.611589104060442,15.347715821254267,-24.88683676537061,29.238793154235708,61.980759320923106,9.401443341663478,71.38220266258658
6.0600000000000005,145.20863983657475,6.362402183741494,15.326561150834301,-24.95053265567146,29.28194932910019,62.163860347119346,9.047108449402335,71.21096879652168
6.07,145.3617997962425,6.112578743599727,15.305435639155993,-25.014140750134658,29.325135934414586,62.34736082396229,8.691868448708727,71.03922927267102
6.08,145.51474864641972,5.862119660988185,15.284339246028104,-25.077661169774444,29.36835228496294,62.53125840519236,8.335724587147318,70.86698299233967
6.09,145.6674866780911,5.611025812050855,15.263271931314806,-25.141094035438257,29.411597701383233,62.71555075273082,7.978678110563534,70.69422886329436
6.1000000000000005,145.82001418184043,5.359298071723799,15.242233654935589,-25.204439467806935,29.45487151012537,62.900235536654634,7.620730263085178,70.52096579973981
6.11,145.97233144785085,5.106937313737319,15.221224376865187,-25.267697587395006,29.498173043409356,63.08531043517186,7.261882287125501,70.34719272229736
6.12,146.12443876590555,4.853944410617316,15.200244057133506,-25.330868514550872,29.541501639183597,63.270773134596816,6.902135423385143,70.17290855798196
6.13,146.27633642538828,4.600320233687171,15.179292655825545,-25.393952369457047,29.584856641083334,63.456621329325316,6.541490910854802,69.99811224018012
6.140000000000001,146.42802471528395,4.346065653068933,15.158370133081315,-25.45694927213041,29.62823739838927,63.642852721810165,6.179949986816926,69.8228027086271
6.15,146.57950392417905,4.0911815376857135,15.137476449095775,-25.51985934242238,29.671643265986333,63.82946502253652,5.817513886849111,69.64697890938562
6.16,146.73077434026254,3.835668755262816,15.116611564118749,-25.582682700019213,29.715073604322622,64.01645594999755,5.454183844825723,69.47063979482327
6.17,146.8818362513258,3.5795281723291623,15.095775438454849,-25.645419464442163,29.75852777936848,64.2038232306698,5.089961092919907,69.2937843235897
6.18,147.03268994476386,3.322760654220019,15.074968032463394,-25.708069755047788,29.802005162575824,64.3915645989892,4.724846861607478,69.11641146059668
6.19,147.18333570757537,3.065367065077055,15.054189306558357,-25.770633691028074,29.845505130837495,64.57967779732643,4.358842379666995,68.93852017699342
6.2,147.33377382636354,2.807348267851353,15.033439221208265,-25.83311139141074,29.889027066446946,64.76816057596287,3.9919488741840476,68.76010945014691
6.21,147.48400458733644,2.548705124304547,15.012717736936137,-25.895502975059458,29.932570357058047,64.95701069306668,3.6241675705528715,68.58117826361955
6.22,147.63402827630776,2.2894384950103017,14.992024814319407,-25.95780856067404,29.976134395645,65.14622591466842,3.255499692478452,68.40172560714687
6.23,147.78384517869713,2.0295492393560153,14.971360413989839,-26.020028266790696,30.019718580462555,65.33580401463723,2.8859464619789463,68.22175047661618
6.24,147.93345557953077,1.7690382155448674,14.95072449663347,-26.08216221178226,30.063322315006346,65.52574277465699,2.5155090993885953,68.04125187404559
6.25,148.08285976344217,1.507906280596785,14.930117022990522,-26.144210513858383,30.1069450079734,65.71603998420225,2.1441888233590967,67.86022880756136
6.26,148.23205801467228,1.246154290350546,14.909537953855335,-26.206173291065795,30.150586073222904,65.90669344051466,1.7719868508625962,67.67868029137725
6.2700000000000005,148.38105061707046,0.9837830994654269,14.888987250076275,-26.26805066128854,30.19424492973711,66.09770094857925,1.398904397194031,67.49660534577328
6.28,148.52983785409467,0.7207935614222833,14.868464872555695,-26.32984274224811,30.237921001582404,66.28906032110051,1.0249426759726659,67.31400299707317
6.29,148.67842000881228,0.4571865285261083,14.847970782249817,-26.39154965150381,30.2816137178707,66.48076937847928,0.6501028991457312,67.13087227762502
6.3,148.82679736390043,0.1929628519066,14.827504940168694,-26.45317150645284,30.325322512720874,66.67282594878881,0.2743862769892295,66.94721222577805
6.307286030727419,148.93475654877915,0.0,14.812614018116452,-26.498007493905664,30.35717271415078,66.81295030176659,0.0,66.81295030176659
